,DATE,0094,0131,0171,0193,0211,0304,0335
0,2010-05-15 00:01:06.184,0.9087275862693787,0.9339434504508972,0.9482085108757019,0.9282428622245789,0.8890036344528198,0.8428512811660767,0.8590520620346069
1,2010-05-22 00:01:06.184,0.9087275862693787,0.9324806034564972,0.9476996064186096,0.9282428622245789,0.8890036344528198,0.840164452791214,0.8587333559989929
2,2010-05-29 00:01:06.184,0.9087275862693787,0.9310177564620972,0.9471907019615173,0.9282428622245789,0.8890036344528198,0.8374776244163513,0.8584146499633789
3,2010-06-01 00:01:06.184,0.9087275862693787,0.9310177564620972,0.9471907019615173,0.9282428622245789,0.8890036344528198,0.8328404426574707,0.8563145995140076
4,2010-06-08 00:01:06.184,0.9087275862693787,0.9310177564620972,0.9471907019615173,0.9282428622245789,0.8890036344528198,0.8282032608985901,0.8542145490646362
5,2010-06-15 00:01:06.184,0.908764660358429,0.9310177564620972,0.9471907019615173,0.9282428622245789,0.8890036344528198,0.8192046582698822,0.8530782759189606
6,2010-06-22 00:01:06.184,0.9088017344474792,0.9310177564620972,0.9471907019615173,0.9282428622245789,0.8890036344528198,0.8102060556411743,0.8519420027732849
7,2010-06-29 00:01:06.184,0.9118340015411377,0.9308465719223022,0.9471907019615173,0.9260227680206299,0.8871372938156128,0.8050124943256378,0.8512913286685944
8,2010-07-01 00:01:06.184,0.9148662686347961,0.9310177564620972,0.9471907019615173,0.9282428622245789,0.8890036344528198,0.7998189330101013,0.8506406545639038
9,2010-07-08 00:01:06.184,0.9149211943149567,0.9310177564620972,0.9471907019615173,0.9282428622245789,0.8890036344528198,0.7956491410732269,0.8470126986503601
10,2010-07-15 00:01:06.184,0.9149761199951172,0.9310177564620972,0.9471907019615173,0.9282428622245789,0.8890036344528198,0.7914793491363525,0.8433847427368164
11,2010-07-22 00:01:06.184,0.9149761199951172,0.9308465719223022,0.9471907019615173,0.9282428622245789,0.8890036344528198,0.7901013791561127,0.8433847427368164
12,2010-07-29 00:01:06.184,0.9149761199951172,0.9306753873825073,0.9471907019615173,0.9282428622245789,0.8890036344528198,0.7887234091758728,0.8433847427368164
13,2010-08-01 00:01:06.184,0.9149761199951172,0.9306753873825073,0.9471907019615173,0.9282428622245789,0.8890036344528198,0.7852716147899628,0.8433847427368164
14,2010-08-08 00:01:06.184,0.9149761199951172,0.9306753873825073,0.9471907019615173,0.9282428622245789,0.8890036344528198,0.7818198204040527,0.8433847427368164
15,2010-08-15 00:01:06.184,0.9247922897338867,0.9306753873825073,0.9471907019615173,0.9282428622245789,0.8890036344528198,0.768641471862793,0.8400418758392334
16,2010-08-22 00:01:06.184,0.9275236129760742,0.9306753873825073,0.9471907019615173,0.9238026738166809,0.8890036344528198,0.761629581451416,0.8400418758392334
17,2010-08-29 00:01:06.184,0.9290333390235901,0.9306753873825073,0.9471907019615173,0.9238026738166809,0.8890036344528198,0.7609957456588745,0.8159316778182983
18,2010-09-01 00:01:06.184,0.9294721484184265,0.9256855845451355,0.9459041357040405,0.9238026738166809,0.8852709531784058,0.7486934661865234,0.8085803389549255
19,2010-09-08 00:01:06.184,0.9336438775062561,0.9247387051582336,0.9459041357040405,0.9238026738166809,0.8899527192115784,0.7466158270835876,0.8085803389549255
20,2010-09-15 00:01:06.184,0.936632513999939,0.9241159558296204,0.9459041357040405,0.9238026738166809,0.8899527192115784,0.7310178279876709,0.8085803389549255
21,2010-09-22 00:01:06.184,0.9368816614151001,0.9241159558296204,0.9459041357040405,0.9238026738166809,0.8899527192115784,0.7058436274528503,0.8051244616508484
22,2010-10-01 00:01:06.184,0.9368816614151001,0.9190865755081177,0.9415669441223145,0.9244281053543091,0.8899527192115784,0.7027268409729004,0.8051244616508484
23,2010-10-08 00:01:06.184,0.9368816614151001,0.9190865755081177,0.9415669441223145,0.9238026738166809,0.8899527192115784,0.6980105638504028,0.8051244616508484
24,2010-10-15 00:01:06.184,0.9379017353057861,0.9190865755081177,0.9415669441223145,0.9238026738166809,0.8899527192115784,0.6832547187805176,0.8051244616508484
25,2010-10-22 00:01:06.184,0.9379017353057861,0.91905677318573,0.9397218227386475,0.9238026738166809,0.8899527192115784,0.6779776811599731,0.8051244616508484
26,2010-10-29 00:01:06.184,0.9379017353057861,0.9135988354682922,0.9391958713531494,0.9237267374992371,0.8899527192115784,0.6682964563369751,0.8051244616508484
27,2010-11-01 00:01:06.184,0.9385806918144226,0.9135988354682922,0.9391958713531494,0.9237267374992371,0.8899527192115784,0.6416012644767761,0.80213862657547
28,2010-11-08 00:01:06.184,0.9388517141342163,0.9135988354682922,0.9391958713531494,0.9237267374992371,0.8956654071807861,0.6394261121749878,0.7909516096115112
29,2010-11-15 00:01:06.184,0.9388517141342163,0.9054660797119141,0.9391958713531494,0.9237267374992371,0.8956654071807861,0.6386060118675232,0.780655562877655
30,2010-11-22 00:01:06.184,0.9388517141342163,0.899382472038269,0.9391958713531494,0.9237267374992371,0.8956654071807861,0.6257971525192261,0.7717649340629578
31,2010-11-29 00:01:06.184,0.9388517141342163,0.8970160484313965,0.9391958713531494,0.9244281053543091,0.8969963192939758,0.6021119356155396,0.7594277262687683
32,2010-12-01 00:01:06.184,0.9411253929138184,0.8961988091468811,0.9390022158622742,0.9244281053543091,0.9005756378173828,0.5958049297332764,0.7357947826385498
33,2010-12-08 00:01:06.184,0.9411253929138184,0.895117998123169,0.9390022158622742,0.9244281053543091,0.9005756378173828,0.5929521322250366,0.7333307266235352
34,2010-12-15 00:01:06.184,0.9411253929138184,0.8922224044799805,0.9390022158622742,0.9244281053543091,0.9005756378173828,0.5929521322250366,0.7333307266235352
35,2010-12-22 00:01:06.184,0.9387132525444031,0.890460193157196,0.9369732141494751,0.9244281053543091,0.9005756378173828,0.5929521322250366,0.7248964309692383
36,2010-12-29 00:01:06.184,0.9387132525444031,0.8904030919075012,0.9369732141494751,0.924565851688385,0.9005756378173828,0.5929521322250366,0.7238447666168213
37,2011-01-01 00:01:06.184,0.9387132525444031,0.8843410611152649,0.9358239769935608,0.924565851688385,0.9005756378173828,0.5929521322250366,0.7238447666168213
38,2011-01-08 00:01:06.184,0.9387132525444031,0.8843410611152649,0.9355967044830322,0.9256855845451355,0.9005756378173828,0.5929521322250366,0.7238447666168213
39,2011-01-15 00:01:06.184,0.9387132525444031,0.8843410611152649,0.9355967044830322,0.9259974360466003,0.901626467704773,0.5906575918197632,0.7238447666168213
40,2011-01-22 00:01:06.184,0.9385806918144226,0.882632315158844,0.9355967044830322,0.9259974360466003,0.9040465354919434,0.5783500671386719,0.7238447666168213
41,2011-01-29 00:01:06.184,0.9385806918144226,0.882632315158844,0.9355967044830322,0.9259974360466003,0.9040465354919434,0.5783500671386719,0.7238447666168213
42,2011-02-01 00:01:06.184,0.9385806918144226,0.882632315158844,0.9355967044830322,0.9263009428977966,0.9040465354919434,0.5736302733421326,0.7238447666168213
43,2011-02-08 00:01:06.184,0.9385806918144226,0.882632315158844,0.9355967044830322,0.9263009428977966,0.9080101251602173,0.5736302733421326,0.7238447666168213
44,2011-02-15 00:01:06.184,0.9360982775688171,0.882632315158844,0.9355967044830322,0.9263009428977966,0.9080101251602173,0.5642653107643127,0.7238447666168213
45,2011-02-22 00:01:06.184,0.9360982775688171,0.882632315158844,0.9355967044830322,0.9263009428977966,0.9118192195892334,0.5642653107643127,0.7248964309692383
46,2011-03-01 00:01:06.184,0.9348339438438416,0.882632315158844,0.9355967044830322,0.9308112859725952,0.9118192195892334,0.5642653107643127,0.8397428393363953
47,2011-03-08 00:01:06.184,0.9243674874305725,0.882632315158844,0.9350335001945496,0.9308112859725952,0.9118192195892334,0.5642653107643127,0.8518972396850586
48,2011-03-15 00:01:06.184,0.9242899417877197,0.8844159841537476,0.9350335001945496,0.9331551194190979,0.9118192195892334,0.5642653107643127,0.8633800148963928
49,2011-03-22 00:01:06.184,0.9242295622825623,0.8844159841537476,0.9350335001945496,0.9331551194190979,0.9118192195892334,0.5456284880638123,0.8633800148963928
50,2011-03-29 00:01:06.184,0.9241891503334045,0.887717604637146,0.9350335001945496,0.9331551194190979,0.9118192195892334,0.545596182346344,0.8633800148963928
51,2011-04-01 00:01:06.184,0.9187348484992981,0.8896790742874146,0.9350335001945496,0.9331551194190979,0.9145617485046387,0.5216392874717712,0.8633800148963928
52,2011-04-08 00:01:06.184,0.9168027639389038,0.8896790742874146,0.9350335001945496,0.9331551194190979,0.9145617485046387,0.5198838114738464,0.8633800148963928
53,2011-04-15 00:01:06.184,0.9150249361991882,0.8896790742874146,0.9350335001945496,0.9331551194190979,0.9145617485046387,0.5064074397087097,0.8633800148963928
54,2011-04-22 00:01:06.184,0.9102548956871033,0.8896790742874146,0.935447633266449,0.933968186378479,0.9145617485046387,0.4984697699546814,0.8633800148963928
55,2011-04-29 00:01:06.184,0.9093857407569885,0.8896790742874146,0.935447633266449,0.9344689249992371,0.9118192195892334,0.48848941922187805,0.8633800148963928
56,2011-05-01 00:01:06.184,0.9093857407569885,0.8896790742874146,0.935447633266449,0.9344689249992371,0.9118192195892334,0.4808925986289978,0.853822648525238
57,2011-05-08 00:01:06.184,0.908250629901886,0.8896790742874146,0.935447633266449,0.9344689249992371,0.9118192195892334,0.47602081298828125,0.8518972396850586
58,2011-05-15 00:01:06.184,0.9067102670669556,0.8896790742874146,0.935447633266449,0.9344689249992371,0.9118192195892334,0.4736596941947937,0.8444726467132568
59,2011-05-22 00:01:06.184,0.9067102670669556,0.887717604637146,0.9358239769935608,0.9344689249992371,0.9118192195892334,0.4611688554286957,0.8444726467132568
60,2011-05-29 00:01:06.184,0.906595766544342,0.887717604637146,0.9361858367919922,0.9344689249992371,0.9106353521347046,0.4494360685348511,0.8433895707130432
61,2011-06-08 00:01:06.184,0.9045731425285339,0.887717604637146,0.9361858367919922,0.9344689249992371,0.9106353521347046,0.4444641172885895,0.8413041234016418
62,2011-06-15 00:01:06.184,0.9045731425285339,0.887717604637146,0.9376967549324036,0.9344689249992371,0.9106353521347046,0.4374921917915344,0.8383309841156006
63,2011-06-22 00:01:06.184,0.9045731425285339,0.887717604637146,0.9383253455162048,0.9344689249992371,0.9097639918327332,0.4365927278995514,0.8330277800559998
64,2011-06-29 00:01:06.184,0.9045731425285339,0.887717604637146,0.9407768249511719,0.9344689249992371,0.9055693745613098,0.4349246025085449,0.8250701427459717
65,2011-07-01 00:01:06.184,0.9045731425285339,0.887717604637146,0.9407768249511719,0.9344689249992371,0.9043958783149719,0.4206390678882599,0.8240278959274292
66,2011-07-08 00:01:06.184,0.9045731425285339,0.887717604637146,0.9407768249511719,0.9344689249992371,0.9043958783149719,0.4104476571083069,0.8164604902267456
67,2011-07-15 00:01:06.184,0.9045731425285339,0.887717604637146,0.9407768249511719,0.9339113235473633,0.9043958783149719,0.3953571021556854,0.8143258690834045
68,2011-07-22 00:01:06.184,0.9045731425285339,0.887717604637146,0.9407768249511719,0.9339113235473633,0.9005675911903381,0.3896946609020233,0.8083677887916565
69,2011-07-29 00:01:06.184,0.9045731425285339,0.887717604637146,0.9407768249511719,0.9339113235473633,0.9005675911903381,0.3811900317668915,0.8079918622970581
70,2011-08-01 00:01:06.184,0.90766841173172,0.8896790742874146,0.9407768249511719,0.9339113235473633,0.9005675911903381,0.3620207905769348,0.7916464805603027
71,2011-08-08 00:01:06.184,0.90766841173172,0.8896790742874146,0.9407768249511719,0.9339113235473633,0.9005675911903381,0.34828662872314453,0.7754552960395813
72,2011-08-15 00:01:06.184,0.90766841173172,0.8896790742874146,0.9407768249511719,0.9339113235473633,0.8910748362541199,0.34245428442955017,0.759990930557251
73,2011-08-22 00:01:06.184,0.90766841173172,0.8896790742874146,0.9383253455162048,0.9339113235473633,0.8910748362541199,0.3391459882259369,0.751538872718811
74,2011-08-29 00:01:06.184,0.907846987247467,0.8896790742874146,0.9383253455162048,0.9339113235473633,0.8910748362541199,0.3391459882259369,0.7449472546577454
75,2011-09-01 00:01:06.184,0.9083144068717957,0.8896790742874146,0.9383253455162048,0.9339113235473633,0.8910748362541199,0.3391459882259369,0.7446671724319458
76,2011-09-08 00:01:06.184,0.9083144068717957,0.8896790742874146,0.9383253455162048,0.9346915483474731,0.8910748362541199,0.3377707898616791,0.7345556616783142
77,2011-09-15 00:01:06.184,0.9083144068717957,0.8896790742874146,0.9383253455162048,0.9362421631813049,0.8910748362541199,0.3320296108722687,0.7328450679779053
78,2011-09-22 00:01:06.184,0.9083144068717957,0.8896790742874146,0.9383253455162048,0.9367202520370483,0.8910748362541199,0.3297382593154907,0.7272107601165771
79,2011-09-29 00:01:06.184,0.9101523160934448,0.8870048522949219,0.9383253455162048,0.9367202520370483,0.890138566493988,0.32871201634407043,0.7193754315376282
80,2011-10-01 00:01:06.184,0.9116460680961609,0.8870048522949219,0.9383253455162048,0.9391645193099976,0.890138566493988,0.32871201634407043,0.7193754315376282
81,2011-10-08 00:01:06.184,0.9122945666313171,0.8864123821258545,0.9383253455162048,0.9391645193099976,0.890138566493988,0.32871201634407043,0.7135218977928162
82,2011-10-15 00:01:06.184,0.9130338430404663,0.8864123821258545,0.9383253455162048,0.9391645193099976,0.890138566493988,0.32861021161079407,0.7135218977928162
83,2011-10-22 00:01:06.184,0.9130338430404663,0.8858932256698608,0.9431632161140442,0.9391645193099976,0.890138566493988,0.32861021161079407,0.7135218977928162
84,2011-10-29 00:01:06.184,0.9130338430404663,0.8858932256698608,0.9436166882514954,0.9391645193099976,0.8887443542480469,0.32491621375083923,0.7135218977928162
85,2011-11-01 00:01:06.184,0.9130338430404663,0.8857676982879639,0.9436166882514954,0.9391645193099976,0.8887443542480469,0.32491621375083923,0.7119295001029968
86,2011-11-08 00:01:06.184,0.9130338430404663,0.8811973929405212,0.9436166882514954,0.9391645193099976,0.8887172341346741,0.32250070571899414,0.7115530371665955
87,2011-11-15 00:01:06.184,0.9130338430404663,0.8811973929405212,0.9436166882514954,0.9391645193099976,0.8887172341346741,0.32250070571899414,0.7115530371665955
88,2011-11-22 00:01:06.184,0.9138116240501404,0.8811973929405212,0.9436166882514954,0.9391645193099976,0.8887172341346741,0.32250070571899414,0.6970826983451843
89,2011-11-29 00:01:06.184,0.9138116240501404,0.8723891377449036,0.9436166882514954,0.9391645193099976,0.8887172341346741,0.3217259347438812,0.6970826983451843
90,2011-12-01 00:01:06.184,0.9138116240501404,0.8712913990020752,0.9436166882514954,0.9391645193099976,0.8883681297302246,0.3196523189544678,0.6970826983451843
91,2011-12-08 00:01:06.184,0.9138116240501404,0.8712913990020752,0.9436166882514954,0.9391645193099976,0.8882770538330078,0.3138866126537323,0.687903881072998
92,2011-12-15 00:01:06.184,0.9138116240501404,0.8609351515769958,0.9429419636726379,0.9391645193099976,0.8882770538330078,0.3138866126537323,0.6766621470451355
93,2011-12-22 00:01:06.184,0.9138116240501404,0.8609351515769958,0.9429419636726379,0.9391645193099976,0.8757383823394775,0.3138866126537323,0.6642192602157593
94,2011-12-29 00:01:06.184,0.9138116240501404,0.8602226376533508,0.9384369254112244,0.9391645193099976,0.8757383823394775,0.31383568048477173,0.6474025249481201
95,2012-01-01 00:01:06.184,0.9138116240501404,0.8599585294723511,0.9384369254112244,0.9313262104988098,0.8757383823394775,0.3113349676132202,0.6474025249481201
96,2012-01-08 00:01:06.184,0.9138116240501404,0.8598727583885193,0.9362217783927917,0.9290905594825745,0.871820330619812,0.3072268068790436,0.6333685517311096
97,2012-01-15 00:01:06.184,0.9131079912185669,0.8531938791275024,0.9227023124694824,0.9290905594825745,0.871820330619812,0.3072268068790436,0.6328599452972412
98,2012-01-22 00:01:06.184,0.9131079912185669,0.8523494005203247,0.9227023124694824,0.9290905594825745,0.871820330619812,0.3072268068790436,0.6316801309585571
99,2012-01-29 00:01:06.184,0.9124729037284851,0.8390812873840332,0.9188886284828186,0.9232373833656311,0.8688282370567322,0.3072268068790436,0.630461573600769
100,2012-02-01 00:01:06.184,0.9124729037284851,0.8388803601264954,0.9185939431190491,0.9232373833656311,0.8688282370567322,0.3072268068790436,0.6294785141944885
101,2012-02-08 00:01:06.184,0.911342442035675,0.8383101224899292,0.9177877902984619,0.9232373833656311,0.8688282370567322,0.3072268068790436,0.6195732355117798
102,2012-02-15 00:01:06.184,0.911342442035675,0.8369668126106262,0.9162079095840454,0.9232373833656311,0.8688282370567322,0.3072268068790436,0.6195732355117798
103,2012-02-22 00:01:06.184,0.911342442035675,0.8369668126106262,0.9158354997634888,0.9232373833656311,0.8686211705207825,0.3072268068790436,0.6023353338241577
104,2012-02-29 00:01:06.184,0.911342442035675,0.8369668126106262,0.9147894382476807,0.9232373833656311,0.8686211705207825,0.3072268068790436,0.6023353338241577
105,2012-03-01 00:01:06.184,0.9092721939086914,0.8369668126106262,0.9135885834693909,0.9232373833656311,0.8686211705207825,0.30778899788856506,0.6023353338241577
106,2012-03-08 00:01:06.184,0.9092721939086914,0.8369668126106262,0.913378119468689,0.9232373833656311,0.8686211705207825,0.3113349676132202,0.6023353338241577
107,2012-03-15 00:01:06.184,0.9037136435508728,0.8369668126106262,0.913378119468689,0.9232373833656311,0.8686211705207825,0.3113349676132202,0.6023353338241577
108,2012-03-22 00:01:06.184,0.9032196998596191,0.8369668126106262,0.9103832244873047,0.9232373833656311,0.8686211705207825,0.31493356823921204,0.6023353338241577
109,2012-03-29 00:01:06.184,0.8986783623695374,0.8369668126106262,0.9096858501434326,0.9232373833656311,0.8686211705207825,0.3219778835773468,0.6023353338241577
110,2012-04-01 00:01:06.184,0.8975889682769775,0.8369668126106262,0.9096858501434326,0.9232373833656311,0.8701843023300171,0.3228645920753479,0.6023353338241577
111,2012-04-15 00:01:06.184,0.8975889682769775,0.8388803601264954,0.9096858501434326,0.9249076247215271,0.8701843023300171,0.3331136405467987,0.6096683144569397
112,2012-04-22 00:01:06.184,0.8975889682769775,0.840377926826477,0.9096858501434326,0.9249076247215271,0.8701843023300171,0.3342738747596741,0.6318257451057434
113,2012-04-29 00:01:06.184,0.8975889682769775,0.8503342866897583,0.9096858501434326,0.9249076247215271,0.8701843023300171,0.33454346656799316,0.6318257451057434
114,2012-05-01 00:01:06.184,0.8970198631286621,0.8503342866897583,0.9079330563545227,0.9249076247215271,0.8710728287696838,0.33869272470474243,0.6318257451057434
115,2012-05-08 00:01:06.184,0.8924440145492554,0.8513557314872742,0.9065393209457397,0.9257655739784241,0.8710728287696838,0.3506441116333008,0.6318257451057434
116,2012-05-15 00:01:06.184,0.8924440145492554,0.8513557314872742,0.9015876650810242,0.9257655739784241,0.876897931098938,0.3506441116333008,0.6318257451057434
117,2012-06-01 00:01:06.184,0.8915417194366455,0.8562154173851013,0.9015876650810242,0.9257655739784241,0.876897931098938,0.3506441116333008,0.6318257451057434
118,2012-06-08 00:01:06.184,0.8915417194366455,0.8562154173851013,0.9015876650810242,0.9257655739784241,0.876897931098938,0.3506441116333008,0.6318257451057434
119,2012-06-15 00:01:06.184,0.8915417194366455,0.8562154173851013,0.9015876650810242,0.9257655739784241,0.8798128962516785,0.3511410653591156,0.6318257451057434
120,2012-06-22 00:01:06.184,0.8915417194366455,0.8562154173851013,0.9015876650810242,0.9257655739784241,0.8798128962516785,0.3511410653591156,0.6318257451057434
121,2012-06-29 00:01:06.184,0.8915417194366455,0.8562154173851013,0.901075005531311,0.9257655739784241,0.8798128962516785,0.3511410653591156,0.6318257451057434
122,2012-07-01 00:01:07.184,0.8906095027923584,0.8562154173851013,0.901075005531311,0.9257655739784241,0.8798128962516785,0.3511410653591156,0.6252331137657166
123,2012-07-08 00:01:07.184,0.8906095027923584,0.8562154173851013,0.8939927816390991,0.9271969795227051,0.8798128962516785,0.3511410653591156,0.6187112927436829
124,2012-07-15 00:01:07.184,0.8906095027923584,0.8562154173851013,0.8939927816390991,0.9271969795227051,0.8807806968688965,0.3511410653591156,0.6187112927436829
125,2012-07-22 00:01:07.184,0.8906095027923584,0.8535382151603699,0.891303300857544,0.9271969795227051,0.8807806968688965,0.35175931453704834,0.6187112927436829
126,2012-07-29 00:01:07.184,0.8906095027923584,0.8535382151603699,0.891303300857544,0.9271969795227051,0.8807806968688965,0.3519625663757324,0.6119568347930908
127,2012-08-01 00:01:07.184,0.8906095027923584,0.8535382151603699,0.8883967399597168,0.9271969795227051,0.881108820438385,0.3519625663757324,0.6119568347930908
128,2012-08-08 00:01:07.184,0.8906095027923584,0.8513557314872742,0.888060986995697,0.9271969795227051,0.881108820438385,0.3520383834838867,0.611719012260437
129,2012-08-15 00:01:07.184,0.8906095027923584,0.8488739728927612,0.888060986995697,0.9271969795227051,0.8815004825592041,0.3520383834838867,0.5957539081573486
130,2012-08-22 00:01:07.184,0.8906095027923584,0.8488739728927612,0.8813225626945496,0.9271969795227051,0.8862645030021667,0.35532915592193604,0.5957539081573486
131,2012-08-29 00:01:07.184,0.9018274545669556,0.8488739728927612,0.8813225626945496,0.9319968223571777,0.8862645030021667,0.3610919415950775,0.5957539081573486
132,2012-09-01 00:01:07.184,0.9018274545669556,0.8473522663116455,0.8813225626945496,0.9342901110649109,0.8862645030021667,0.3629157245159149,0.580374538898468
133,2012-09-08 00:01:07.184,0.9065531492233276,0.8473522663116455,0.8813225626945496,0.9342901110649109,0.8862645030021667,0.3684260845184326,0.5767917037010193
134,2012-09-15 00:01:07.184,0.9065531492233276,0.8433408141136169,0.8793322443962097,0.9342901110649109,0.8862645030021667,0.3684747517108917,0.5745972394943237
135,2012-09-22 00:01:07.184,0.9065531492233276,0.8403865098953247,0.8793322443962097,0.9342901110649109,0.8862645030021667,0.3684747517108917,0.5648670792579651
136,2012-09-29 00:01:07.184,0.9065531492233276,0.8403865098953247,0.8793322443962097,0.9342901110649109,0.8862645030021667,0.3684747517108917,0.5641040802001953
137,2012-10-01 00:01:07.184,0.9065531492233276,0.830504834651947,0.8793322443962097,0.9342901110649109,0.8862645030021667,0.3684747517108917,0.5632917284965515
138,2012-10-08 00:01:07.184,0.9065531492233276,0.830504834651947,0.8761504888534546,0.9342901110649109,0.8862645030021667,0.3684747517108917,0.5613967180252075
139,2012-10-15 00:01:07.184,0.8913661241531372,0.8277756571769714,0.8733028769493103,0.9342901110649109,0.8862645030021667,0.3684747517108917,0.538103461265564
140,2012-10-22 00:01:07.184,0.8913661241531372,0.8277756571769714,0.8733028769493103,0.9300385117530823,0.8815004825592041,0.3684747517108917,0.5335396528244019
141,2012-10-29 00:01:07.184,0.8913661241531372,0.8277756571769714,0.8733028769493103,0.9300385117530823,0.8815004825592041,0.3684747517108917,0.5238893628120422
142,2012-11-01 00:01:07.184,0.8913661241531372,0.8277756571769714,0.8733028769493103,0.9300385117530823,0.8815004825592041,0.3684747517108917,0.5135937333106995
143,2012-11-08 00:01:07.184,0.8913661241531372,0.8277756571769714,0.8733028769493103,0.9256395101547241,0.8815004825592041,0.3684747517108917,0.5135937333106995
144,2012-11-15 00:01:07.184,0.8913661241531372,0.8277756571769714,0.8733028769493103,0.9256395101547241,0.8741508722305298,0.3684747517108917,0.5051760077476501
145,2012-11-22 00:01:07.184,0.8913661241531372,0.8277756571769714,0.8733028769493103,0.9208199381828308,0.857864499092102,0.3649521470069885,0.5001094341278076
146,2012-11-29 00:01:07.184,0.8913661241531372,0.8277756571769714,0.8733028769493103,0.9208199381828308,0.8562725782394409,0.3649521470069885,0.4984380006790161
147,2012-12-01 00:01:07.184,0.8970903754234314,0.8277756571769714,0.8751075863838196,0.9208199381828308,0.855523407459259,0.3602537512779236,0.49824491143226624
148,2012-12-08 00:01:07.184,0.8970903754234314,0.8277756571769714,0.8751075863838196,0.9161362648010254,0.8443700671195984,0.35894131660461426,0.49075186252593994
149,2012-12-22 00:01:07.184,0.8970903754234314,0.8334633708000183,0.8751075863838196,0.9161362648010254,0.8443700671195984,0.35600003600120544,0.47110623121261597
150,2012-12-29 00:01:07.184,0.8970903754234314,0.8334633708000183,0.8773307204246521,0.9161362648010254,0.8443700671195984,0.3544178307056427,0.4679870903491974
151,2013-01-01 00:01:07.184,0.8970903754234314,0.8334633708000183,0.8773307204246521,0.9161362648010254,0.8441959619522095,0.35240206122398376,0.46770238876342773
152,2013-01-08 00:01:07.184,0.8970903754234314,0.8334633708000183,0.8773307204246521,0.9161362648010254,0.8441959619522095,0.3507857024669647,0.4645906090736389
153,2013-01-15 00:01:07.184,0.8970903754234314,0.8334633708000183,0.8773307204246521,0.9161362648010254,0.8393948078155518,0.3507857024669647,0.46167460083961487
154,2013-01-22 00:01:07.184,0.8970903754234314,0.8334633708000183,0.8773307204246521,0.9161362648010254,0.8393948078155518,0.3507857024669647,0.46167460083961487
155,2013-01-29 00:01:07.184,0.8970903754234314,0.8334633708000183,0.8773307204246521,0.9161362648010254,0.8393948078155518,0.3491784930229187,0.4610951542854309
156,2013-02-01 00:01:07.184,0.8970903754234314,0.8334633708000183,0.8751075863838196,0.9161362648010254,0.8393948078155518,0.3491784930229187,0.4572153091430664
157,2013-02-08 00:01:07.184,0.8970903754234314,0.8334633708000183,0.8751075863838196,0.9161362648010254,0.8356012105941772,0.3491784930229187,0.4572153091430664
158,2013-02-15 00:01:07.184,0.896727979183197,0.8243550658226013,0.8751075863838196,0.9161362648010254,0.8356012105941772,0.3491784930229187,0.45021817088127136
159,2013-02-22 00:01:07.184,0.8966761231422424,0.8239971995353699,0.8726837635040283,0.9159497022628784,0.8338107466697693,0.3483305275440216,0.45021817088127136
160,2013-03-08 00:01:07.184,0.8841671943664551,0.8239971995353699,0.871120035648346,0.9161362648010254,0.8290907144546509,0.3483305275440216,0.44817912578582764
161,2013-03-15 00:01:07.184,0.8834711313247681,0.8211950659751892,0.8693431615829468,0.9159497022628784,0.8290907144546509,0.3483305275440216,0.44531920552253723
162,2013-03-22 00:01:07.184,0.8813868165016174,0.8174465894699097,0.8600775599479675,0.9159497022628784,0.8290907144546509,0.3483305275440216,0.4365445077419281
163,2013-03-29 00:01:07.184,0.8810899257659912,0.8110165596008301,0.8557952642440796,0.9155335426330566,0.8290907144546509,0.34749966859817505,0.4350254535675049
164,2013-04-01 00:01:07.184,0.8780007362365723,0.8110165596008301,0.8557952642440796,0.9155335426330566,0.8282319903373718,0.34749966859817505,0.4350254535675049
165,2013-04-08 00:01:07.184,0.8753847479820251,0.8110165596008301,0.8533948659896851,0.9154415130615234,0.8282319903373718,0.34749966859817505,0.43484875559806824
166,2013-04-15 00:01:07.184,0.8726810216903687,0.8110165596008301,0.8533948659896851,0.9154415130615234,0.8282319903373718,0.34160855412483215,0.43421831727027893
167,2013-04-22 00:01:07.184,0.8726810216903687,0.8110165596008301,0.8533948659896851,0.9154415130615234,0.8282319903373718,0.34160855412483215,0.4285616874694824
168,2013-04-29 00:01:07.184,0.8720815181732178,0.8075978755950928,0.8521903157234192,0.9154415130615234,0.8257232904434204,0.34160855412483215,0.4285616874694824
169,2013-05-01 00:01:07.184,0.8644249439239502,0.8069202899932861,0.8465316295623779,0.9154415130615234,0.8257232904434204,0.34160855412483215,0.41926997900009155
170,2013-05-08 00:01:07.184,0.8572849035263062,0.8069202899932861,0.8462867736816406,0.9154415130615234,0.8257232904434204,0.34160855412483215,0.41897454857826233
171,2013-05-15 00:01:07.184,0.8572502732276917,0.8069202899932861,0.8455931544303894,0.9133939146995544,0.8257232904434204,0.3415125906467438,0.4185698330402374
172,2013-05-22 00:01:07.184,0.8548819422721863,0.8069202899932861,0.8455931544303894,0.9133939146995544,0.8257232904434204,0.3404442071914673,0.41390228271484375
173,2013-05-29 00:01:07.184,0.8500353693962097,0.8059384822845459,0.8455931544303894,0.9133939146995544,0.8248662948608398,0.3404442071914673,0.41064852476119995
174,2013-06-01 00:01:07.184,0.8455616235733032,0.8059384822845459,0.8428492546081543,0.9133939146995544,0.8225046396255493,0.3399471640586853,0.40898755192756653
175,2013-06-08 00:01:07.184,0.8439967632293701,0.8026912212371826,0.8428492546081543,0.912577211856842,0.8225046396255493,0.3399471640586853,0.40683984756469727
176,2013-06-15 00:01:07.184,0.8439967632293701,0.8026912212371826,0.8388225436210632,0.912577211856842,0.8225046396255493,0.3394085168838501,0.40366673469543457
177,2013-06-22 00:01:07.184,0.8439967632293701,0.8026912212371826,0.8388225436210632,0.912577211856842,0.8179288506507874,0.3394085168838501,0.40366673469543457
178,2013-06-29 00:01:07.184,0.8439967632293701,0.7981218099594116,0.8388225436210632,0.9123551249504089,0.8179288506507874,0.33721616864204407,0.40366673469543457
179,2013-07-01 00:01:07.184,0.8439967632293701,0.7981218099594116,0.8388225436210632,0.9123551249504089,0.8121364712715149,0.33721616864204407,0.40328678488731384
180,2013-07-08 00:01:07.184,0.8397968411445618,0.7981218099594116,0.8388225436210632,0.9113950133323669,0.8121364712715149,0.33387860655784607,0.40328678488731384
181,2013-07-15 00:01:07.184,0.8397968411445618,0.7981218099594116,0.8388225436210632,0.9097152352333069,0.8121364712715149,0.33387860655784607,0.39955654740333557
182,2013-07-22 00:01:07.184,0.8397968411445618,0.7981218099594116,0.8388225436210632,0.9010016918182373,0.8092600703239441,0.32582786679267883,0.39955654740333557
183,2013-07-29 00:01:07.184,0.8397968411445618,0.7981218099594116,0.8455931544303894,0.8998299241065979,0.803956151008606,0.3164963722229004,0.39881691336631775
184,2013-08-01 00:01:07.184,0.8439967632293701,0.8005714416503906,0.8455931544303894,0.8998299241065979,0.803956151008606,0.3163464069366455,0.39881691336631775
185,2013-08-08 00:01:07.184,0.8439967632293701,0.8007457852363586,0.8455931544303894,0.8977080583572388,0.803956151008606,0.3100084662437439,0.39817914366722107
186,2013-08-15 00:01:07.184,0.8439967632293701,0.8007457852363586,0.8527814149856567,0.8919954299926758,0.7983392477035522,0.3100084662437439,0.39817914366722107
187,2013-08-22 00:01:07.184,0.8439967632293701,0.8007457852363586,0.854526937007904,0.8912767767906189,0.7983392477035522,0.3097563087940216,0.39817914366722107
188,2013-08-29 00:01:07.184,0.8439967632293701,0.8007457852363586,0.8546376824378967,0.8912767767906189,0.7983392477035522,0.30905240774154663,0.39817914366722107
189,2013-09-01 00:01:07.184,0.8448264598846436,0.8026912212371826,0.8546376824378967,0.8912767767906189,0.7983392477035522,0.3046833574771881,0.39817914366722107
190,2013-09-08 00:01:07.184,0.8448264598846436,0.805742084980011,0.8616457581520081,0.8912767767906189,0.7980581521987915,0.3032803237438202,0.39817914366722107
191,2013-09-15 00:01:07.184,0.8456624746322632,0.8061431050300598,0.8634085655212402,0.8904043436050415,0.7895652651786804,0.3006615936756134,0.3976341485977173
192,2013-09-22 00:01:07.184,0.8476170897483826,0.8061431050300598,0.8634085655212402,0.8904043436050415,0.7895652651786804,0.30062806606292725,0.3976341485977173
193,2013-09-29 00:01:07.184,0.8476170897483826,0.8061431050300598,0.8699249625205994,0.8904043436050415,0.789207398891449,0.2975139915943146,0.3976341485977173
194,2013-10-01 00:01:07.184,0.8488830327987671,0.8061431050300598,0.8709608316421509,0.8904043436050415,0.789207398891449,0.2975139915943146,0.3976341485977173
195,2013-10-08 00:01:07.184,0.8503589034080505,0.8080747723579407,0.8709608316421509,0.8904043436050415,0.7857620716094971,0.2975139915943146,0.3976341485977173
196,2013-10-15 00:01:07.184,0.8503589034080505,0.8080747723579407,0.8713987469673157,0.8904043436050415,0.7857620716094971,0.2975139915943146,0.3976341485977173
197,2013-10-22 00:01:07.184,0.8503589034080505,0.8123608827590942,0.8713987469673157,0.8891648650169373,0.7857620716094971,0.2918809950351715,0.3904823660850525
198,2013-10-29 00:01:07.184,0.8503589034080505,0.8123608827590942,0.8772120475769043,0.8891648650169373,0.761605441570282,0.29065513610839844,0.3904823660850525
199,2013-11-01 00:01:07.184,0.8529947400093079,0.8123608827590942,0.8772120475769043,0.8867611289024353,0.7585300803184509,0.2835630178451538,0.3904823660850525
200,2013-11-08 00:01:07.184,0.8529947400093079,0.8123608827590942,0.8772120475769043,0.867694616317749,0.7568256258964539,0.28109246492385864,0.38442620635032654
201,2013-11-15 00:01:07.184,0.8529947400093079,0.8123608827590942,0.8830024600028992,0.867694616317749,0.7563296556472778,0.2781021296977997,0.3788658082485199
202,2013-11-22 00:01:07.184,0.8529947400093079,0.8123608827590942,0.8830024600028992,0.867694616317749,0.7506623864173889,0.27803465723991394,0.3658832609653473
203,2013-11-29 00:01:07.184,0.8529947400093079,0.8123608827590942,0.8830024600028992,0.8640358448028564,0.7393715381622314,0.2767092287540436,0.3519403338432312
204,2013-12-01 00:01:07.184,0.8529947400093079,0.8123608827590942,0.8830024600028992,0.8640358448028564,0.7370993494987488,0.27632689476013184,0.3450466990470886
205,2013-12-08 00:01:07.184,0.8529947400093079,0.7977679967880249,0.8830024600028992,0.8640358448028564,0.7370993494987488,0.2721782326698303,0.3450466990470886
206,2013-12-15 00:01:07.184,0.8529947400093079,0.7977679967880249,0.8830024600028992,0.8640358448028564,0.7301615476608276,0.2721782326698303,0.3417941629886627
207,2013-12-22 00:01:07.184,0.8503589034080505,0.7977679967880249,0.8830024600028992,0.8618477582931519,0.7301615476608276,0.26999056339263916,0.3417941629886627
208,2013-12-29 00:01:07.184,0.8503589034080505,0.7913163900375366,0.8830024600028992,0.8618477582931519,0.727658212184906,0.2695774734020233,0.3417941629886627
209,2014-01-01 00:01:07.184,0.8470125198364258,0.7908520698547363,0.8830024600028992,0.8609590530395508,0.7183555364608765,0.26466214656829834,0.3417941629886627
210,2014-01-08 00:01:07.184,0.8405675888061523,0.7908520698547363,0.8788870573043823,0.8609590530395508,0.7140121459960938,0.2618435323238373,0.3417941629886627
211,2014-01-15 00:01:07.184,0.8362835645675659,0.7875109910964966,0.8715640902519226,0.8563957810401917,0.7140121459960938,0.25926509499549866,0.34018296003341675
212,2014-01-22 00:01:07.184,0.8362835645675659,0.7875109910964966,0.8715640902519226,0.8563957810401917,0.7140121459960938,0.25902238488197327,0.34018296003341675
213,2014-01-29 00:01:07.184,0.8362835645675659,0.7875109910964966,0.8693534731864929,0.8563957810401917,0.7070902585983276,0.2531237304210663,0.34018296003341675
214,2014-02-01 00:01:07.184,0.8326672315597534,0.7860156893730164,0.8693534731864929,0.8563957810401917,0.7070902585983276,0.24687427282333374,0.34009671211242676
215,2014-02-08 00:01:07.184,0.8326672315597534,0.7860156893730164,0.8693534731864929,0.8563957810401917,0.7070902585983276,0.24603290855884552,0.34009671211242676
216,2014-02-15 00:01:07.184,0.8111057281494141,0.7860156893730164,0.8693534731864929,0.8563957810401917,0.7070902585983276,0.24603290855884552,0.3385172486305237
217,2014-02-22 00:01:07.184,0.8111057281494141,0.782505989074707,0.8693534731864929,0.8491044640541077,0.7070902585983276,0.24559512734413147,0.3385172486305237
218,2014-03-01 00:01:07.184,0.8111057281494141,0.777008593082428,0.8693534731864929,0.8416738510131836,0.7070902585983276,0.23909004032611847,0.3352939486503601
219,2014-03-08 00:01:07.184,0.7966901063919067,0.7768396139144897,0.8693534731864929,0.8401634097099304,0.7070902585983276,0.236137256026268,0.3352939486503601
220,2014-03-15 00:01:07.184,0.7966901063919067,0.7768396139144897,0.8693534731864929,0.8401634097099304,0.7070902585983276,0.23432855308055878,0.3352939486503601
221,2014-03-22 00:01:07.184,0.7966901063919067,0.7768396139144897,0.8715640902519226,0.8304612040519714,0.7070902585983276,0.23432855308055878,0.3327839970588684
222,2014-03-29 00:01:07.184,0.7966901063919067,0.7760167717933655,0.8748121857643127,0.8304612040519714,0.7070902585983276,0.2340509295463562,0.3273239731788635
223,2014-04-01 00:01:07.184,0.7914512753486633,0.7760167717933655,0.8748121857643127,0.8304612040519714,0.7070902585983276,0.2340509295463562,0.3203258812427521
224,2014-04-08 00:01:07.184,0.7914512753486633,0.7760167717933655,0.8748121857643127,0.8161783814430237,0.7070902585983276,0.22954078018665314,0.31914451718330383
225,2014-04-15 00:01:07.184,0.7835977077484131,0.7760167717933655,0.8748121857643127,0.8161783814430237,0.7070902585983276,0.2295285165309906,0.31715327501296997
226,2014-04-22 00:01:07.184,0.7702030539512634,0.7760167717933655,0.8748121857643127,0.8148316740989685,0.7070902585983276,0.22750112414360046,0.31660139560699463
227,2014-04-29 00:01:07.184,0.7702030539512634,0.7760167717933655,0.8748121857643127,0.8148316740989685,0.7070902585983276,0.22265625,0.31660139560699463
228,2014-05-01 00:01:07.184,0.7697498202323914,0.7760167717933655,0.8748121857643127,0.8148316740989685,0.6909546852111816,0.2148074507713318,0.31497427821159363
229,2014-05-08 00:01:07.184,0.758799135684967,0.7760167717933655,0.8748121857643127,0.8148316740989685,0.6702451705932617,0.21372194588184357,0.31193703413009644
230,2014-05-15 00:01:07.184,0.7427015900611877,0.7760167717933655,0.8748121857643127,0.8148316740989685,0.6625324487686157,0.20677508413791656,0.3050694763660431
231,2014-05-22 00:01:07.184,0.7427015900611877,0.7732724547386169,0.8748121857643127,0.8148316740989685,0.6625324487686157,0.20480944216251373,0.3050694763660431
232,2014-05-29 00:01:07.184,0.7427015900611877,0.7732724547386169,0.8748121857643127,0.8148316740989685,0.6625324487686157,0.2046085000038147,0.3050372302532196
233,2014-06-01 00:01:07.184,0.7427015900611877,0.7732724547386169,0.8748121857643127,0.8148316740989685,0.6625324487686157,0.2021958976984024,0.3050372302532196
234,2014-06-08 00:01:07.184,0.742290198802948,0.7732724547386169,0.8748121857643127,0.814872682094574,0.6625324487686157,0.20206120610237122,0.3050372302532196
235,2014-06-15 00:01:07.184,0.742290198802948,0.7732724547386169,0.8748121857643127,0.814872682094574,0.6625324487686157,0.20206120610237122,0.3050372302532196
236,2014-06-22 00:01:07.184,0.742290198802948,0.7732724547386169,0.8748121857643127,0.8154518008232117,0.6625324487686157,0.20206120610237122,0.3050372302532196
237,2014-06-29 00:01:07.184,0.742290198802948,0.7732724547386169,0.8704080581665039,0.8154518008232117,0.6625324487686157,0.20196503400802612,0.3050372302532196
238,2014-07-08 00:01:07.184,0.742290198802948,0.7732724547386169,0.8704080581665039,0.8154518008232117,0.6625324487686157,0.20196503400802612,0.3050372302532196
239,2014-07-15 00:01:07.184,0.742290198802948,0.7732724547386169,0.8607351779937744,0.8239439725875854,0.6863682866096497,0.19538447260856628,0.3050372302532196
240,2014-07-22 00:01:07.184,0.742290198802948,0.7732724547386169,0.8587818145751953,0.8239439725875854,0.7113831043243408,0.19538447260856628,0.3050372302532196
241,2014-07-29 00:01:07.184,0.742290198802948,0.7732724547386169,0.8511047959327698,0.8239439725875854,0.7113831043243408,0.19538447260856628,0.3050372302532196
242,2014-08-01 00:01:07.184,0.7485719919204712,0.7715088725090027,0.8511047959327698,0.8239439725875854,0.7113831043243408,0.19491557776927948,0.3050372302532196
243,2014-08-08 00:01:07.184,0.7490065693855286,0.7652496099472046,0.8511047959327698,0.8308805227279663,0.7258939146995544,0.19491557776927948,0.3050372302532196
244,2014-08-15 00:01:07.184,0.7511855959892273,0.7652496099472046,0.8511047959327698,0.8388814926147461,0.7329080700874329,0.1933392733335495,0.3050372302532196
245,2014-08-22 00:01:07.184,0.7680666446685791,0.7715088725090027,0.8469723463058472,0.839001476764679,0.7494559288024902,0.1928255409002304,0.3050372302532196
246,2014-08-29 00:01:07.184,0.7680666446685791,0.7715088725090027,0.8469723463058472,0.839001476764679,0.7494559288024902,0.19145171344280243,0.31175512075424194
247,2014-09-01 00:01:07.184,0.7680666446685791,0.7732724547386169,0.8442983627319336,0.8443295359611511,0.7494559288024902,0.19145171344280243,0.31175512075424194
248,2014-09-08 00:01:07.184,0.7817508578300476,0.7715088725090027,0.8442983627319336,0.8443295359611511,0.7494559288024902,0.19145171344280243,0.31175512075424194
249,2014-09-15 00:01:07.184,0.7817508578300476,0.7715088725090027,0.8317298889160156,0.8444771766662598,0.7494559288024902,0.1892104595899582,0.31175512075424194
250,2014-09-22 00:01:07.184,0.7817508578300476,0.7715088725090027,0.8317298889160156,0.8444771766662598,0.7494559288024902,0.1852703094482422,0.31175512075424194
251,2014-09-29 00:01:07.184,0.7904354333877563,0.7715088725090027,0.8317298889160156,0.8444771766662598,0.7494559288024902,0.18369819223880768,0.31175512075424194
252,2014-10-01 00:01:07.184,0.7976825833320618,0.7715088725090027,0.8317298889160156,0.8444771766662598,0.7494559288024902,0.18369819223880768,0.3043050765991211
253,2014-10-08 00:01:07.184,0.7976825833320618,0.7715088725090027,0.8317298889160156,0.8444771766662598,0.7494559288024902,0.1798849254846573,0.3043050765991211
254,2014-10-15 00:01:07.184,0.7976825833320618,0.7715088725090027,0.8317298889160156,0.8444771766662598,0.7491387724876404,0.178344264626503,0.3043050765991211
255,2014-10-22 00:01:07.184,0.7976825833320618,0.7731842398643494,0.8317298889160156,0.8444771766662598,0.7491387724876404,0.1765698343515396,0.3015803098678589
256,2014-10-29 00:01:07.184,0.7976825833320618,0.7731842398643494,0.8317298889160156,0.8444771766662598,0.7491387724876404,0.173716202378273,0.3015803098678589
257,2014-11-01 00:01:07.184,0.8030248284339905,0.7731842398643494,0.8317298889160156,0.8444771766662598,0.7491387724876404,0.17239709198474884,0.3015803098678589
258,2014-11-08 00:01:07.184,0.8030248284339905,0.7731842398643494,0.826734185218811,0.8444771766662598,0.7491387724876404,0.17085586488246918,0.3015803098678589
259,2014-11-15 00:01:07.184,0.8030248284339905,0.7731842398643494,0.826734185218811,0.8444771766662598,0.7491387724876404,0.16888730227947235,0.3043050765991211
260,2014-11-22 00:01:07.184,0.8030248284339905,0.7731842398643494,0.826734185218811,0.8444771766662598,0.7491387724876404,0.16203521192073822,0.3043050765991211
261,2014-12-01 00:01:07.184,0.8030248284339905,0.7715088725090027,0.8264097571372986,0.8444771766662598,0.7491387724876404,0.16203521192073822,0.3043050765991211
262,2014-12-08 00:01:07.184,0.8030248284339905,0.7715088725090027,0.8258768320083618,0.8444771766662598,0.7491387724876404,0.15838147699832916,0.3043050765991211
263,2014-12-15 00:01:07.184,0.8030248284339905,0.7505180835723877,0.8258768320083618,0.8609033823013306,0.7494559288024902,0.15838147699832916,0.3043050765991211
264,2014-12-22 00:01:07.184,0.8030248284339905,0.7505180835723877,0.8258768320083618,0.8609033823013306,0.7624692916870117,0.15771004557609558,0.31175512075424194
265,2014-12-29 00:01:07.184,0.8030248284339905,0.7449057698249817,0.8258768320083618,0.8609033823013306,0.774401843547821,0.1559968888759613,0.3043050765991211
266,2015-01-01 00:01:07.184,0.8030248284339905,0.7449057698249817,0.8258768320083618,0.8699015974998474,0.7814929485321045,0.1559968888759613,0.3043050765991211
267,2015-01-08 00:01:07.184,0.8030248284339905,0.7449057698249817,0.8258768320083618,0.8699015974998474,0.7814929485321045,0.15578079223632812,0.31389015913009644
268,2015-01-15 00:01:07.184,0.8030248284339905,0.7449057698249817,0.8258768320083618,0.8699015974998474,0.7814929485321045,0.1549793928861618,0.31389015913009644
269,2015-01-22 00:01:07.184,0.8030248284339905,0.7449057698249817,0.8188115954399109,0.8699015974998474,0.7814929485321045,0.14890515804290771,0.31419631838798523
270,2015-01-29 00:01:07.184,0.8030248284339905,0.7449057698249817,0.8188115954399109,0.8711576461791992,0.7814929485321045,0.14330223202705383,0.3157622218132019
271,2015-02-01 00:01:07.184,0.8011273145675659,0.7449057698249817,0.8139098882675171,0.8711576461791992,0.7814929485321045,0.14330223202705383,0.3157622218132019
272,2015-02-08 00:01:07.184,0.8011273145675659,0.7449057698249817,0.8121761083602905,0.8711576461791992,0.7841827869415283,0.14278149604797363,0.3157622218132019
273,2015-02-15 00:01:07.184,0.8011273145675659,0.7449057698249817,0.8121761083602905,0.8711576461791992,0.7842822074890137,0.14278149604797363,0.3157622218132019
274,2015-02-22 00:01:07.184,0.8011273145675659,0.7449057698249817,0.8121761083602905,0.8711576461791992,0.7842822074890137,0.14278149604797363,0.3157622218132019
275,2015-03-01 00:01:07.184,0.7992128133773804,0.7449057698249817,0.8084369897842407,0.8711576461791992,0.7939630150794983,0.14278149604797363,0.3157622218132019
276,2015-03-15 00:01:07.184,0.7992128133773804,0.7449057698249817,0.7885585427284241,0.8735924959182739,0.7939630150794983,0.13943728804588318,0.2952267527580261
277,2015-03-22 00:01:07.184,0.7739730477333069,0.7449057698249817,0.7885585427284241,0.8735924959182739,0.7939630150794983,0.13943728804588318,0.2952267527580261
278,2015-03-29 00:01:07.184,0.7739730477333069,0.7449057698249817,0.7885585427284241,0.8834901452064514,0.7939630150794983,0.13943728804588318,0.28466662764549255
279,2015-04-01 00:01:07.184,0.7739730477333069,0.7470093965530396,0.7885585427284241,0.8834901452064514,0.7939630150794983,0.13849957287311554,0.280645489692688
280,2015-04-08 00:01:07.184,0.7739730477333069,0.7470093965530396,0.7885585427284241,0.8834901452064514,0.7939630150794983,0.13618917763233185,0.26999640464782715
281,2015-04-15 00:01:07.184,0.7739730477333069,0.7470093965530396,0.7885585427284241,0.8834901452064514,0.7939630150794983,0.13334688544273376,0.26999640464782715
282,2015-04-22 00:01:07.184,0.7739730477333069,0.7470093965530396,0.7885585427284241,0.8834901452064514,0.7939630150794983,0.13334688544273376,0.2609921991825104
283,2015-04-29 00:01:07.184,0.7739730477333069,0.7470093965530396,0.7885585427284241,0.8834901452064514,0.7939630150794983,0.13255658745765686,0.25919029116630554
284,2015-05-01 00:01:07.184,0.7739730477333069,0.7470093965530396,0.8084369897842407,0.8834901452064514,0.7939630150794983,0.13255658745765686,0.25919029116630554
285,2015-05-08 00:01:07.184,0.7739730477333069,0.7470093965530396,0.8121761083602905,0.8834901452064514,0.7842822074890137,0.13165223598480225,0.25919029116630554
286,2015-05-15 00:01:07.184,0.7739730477333069,0.7591293454170227,0.8131296634674072,0.8834901452064514,0.7842822074890137,0.13144803047180176,0.25919029116630554
287,2015-05-22 00:01:07.184,0.7739730477333069,0.7591293454170227,0.8300507068634033,0.8834901452064514,0.7842822074890137,0.12837977707386017,0.25919029116630554
288,2015-05-29 00:01:07.184,0.7739730477333069,0.7591293454170227,0.8346673250198364,0.8834901452064514,0.7703703045845032,0.12837977707386017,0.25919029116630554
289,2015-06-01 00:01:07.184,0.7739730477333069,0.7607879042625427,0.8346673250198364,0.8834901452064514,0.7703703045845032,0.12630906701087952,0.25919029116630554
290,2015-06-08 00:01:07.184,0.7739730477333069,0.7607879042625427,0.8421837091445923,0.8834901452064514,0.7693101763725281,0.12293606251478195,0.25919029116630554
291,2015-06-15 00:01:07.184,0.775962233543396,0.7607879042625427,0.8502562046051025,0.8834901452064514,0.7693101763725281,0.12293606251478195,0.2618526220321655
292,2015-06-22 00:01:07.184,0.775962233543396,0.7607879042625427,0.8502562046051025,0.8834901452064514,0.7661707997322083,0.11899131536483765,0.2618526220321655
293,2015-06-29 00:01:07.184,0.775962233543396,0.7607879042625427,0.8502562046051025,0.8834901452064514,0.7661707997322083,0.11467012763023376,0.2618526220321655
294,2015-07-01 00:01:08.184,0.775962233543396,0.7607879042625427,0.8502562046051025,0.856319010257721,0.7661707997322083,0.11414548009634018,0.2618526220321655
295,2015-07-08 00:01:08.184,0.775962233543396,0.7607879042625427,0.8502562046051025,0.856319010257721,0.7661707997322083,0.11414548009634018,0.2697826027870178
296,2015-07-15 00:01:08.184,0.775962233543396,0.7607879042625427,0.8502562046051025,0.856319010257721,0.7661707997322083,0.1126149445772171,0.2697826027870178
297,2015-07-22 00:01:08.184,0.775962233543396,0.7584717273712158,0.8502562046051025,0.856319010257721,0.7661707997322083,0.1098075732588768,0.2697826027870178
298,2015-07-29 00:01:08.184,0.7781230211257935,0.7583487629890442,0.8522796630859375,0.856319010257721,0.7661707997322083,0.10910148173570633,0.2697826027870178
299,2015-08-01 00:01:08.184,0.7781230211257935,0.7583487629890442,0.8502562046051025,0.856319010257721,0.7597144246101379,0.10908017307519913,0.2744719684123993
300,2015-08-08 00:01:08.184,0.7781230211257935,0.7583487629890442,0.8502562046051025,0.856319010257721,0.7597144246101379,0.10589274764060974,0.2744719684123993
301,2015-08-15 00:01:08.184,0.7781230211257935,0.7583487629890442,0.8502562046051025,0.856319010257721,0.7597144246101379,0.10589274764060974,0.2744719684123993
302,2015-08-22 00:01:08.184,0.7781230211257935,0.7583487629890442,0.8502562046051025,0.856319010257721,0.7597144246101379,0.10468690097332001,0.2744719684123993
303,2015-08-29 00:01:08.184,0.7781230211257935,0.7566537261009216,0.8502562046051025,0.8470639586448669,0.7564606666564941,0.10305874049663544,0.2744719684123993
304,2015-09-01 00:01:08.184,0.7781230211257935,0.7487730383872986,0.8502562046051025,0.8377515077590942,0.7564606666564941,0.10239473730325699,0.2744719684123993
305,2015-09-08 00:01:08.184,0.775962233543396,0.7487730383872986,0.8502562046051025,0.8377515077590942,0.7419279217720032,0.10239473730325699,0.2697826027870178
306,2015-09-15 00:01:08.184,0.775962233543396,0.7424344420433044,0.8443459868431091,0.8339588642120361,0.7419279217720032,0.10239473730325699,0.2697826027870178
307,2015-09-22 00:01:08.184,0.7476614713668823,0.7395667433738708,0.8421837091445923,0.8299146294593811,0.7419279217720032,0.1020326018333435,0.2697826027870178
308,2015-09-29 00:01:08.184,0.7476614713668823,0.7249419689178467,0.8259472250938416,0.8299146294593811,0.7374264001846313,0.10071257501840591,0.2507076859474182
309,2015-10-01 00:01:08.184,0.7476614713668823,0.7249419689178467,0.8147279024124146,0.8299146294593811,0.7222167253494263,0.10070949047803879,0.2507076859474182
310,2015-10-08 00:01:08.184,0.7476614713668823,0.7208850383758545,0.8094294667243958,0.8283678889274597,0.7222167253494263,0.099126435816288,0.2507076859474182
311,2015-10-15 00:01:08.184,0.7476614713668823,0.7193043231964111,0.8094294667243958,0.8283678889274597,0.7220525145530701,0.099126435816288,0.2507076859474182
312,2015-10-22 00:01:08.184,0.7476614713668823,0.7178051471710205,0.8094294667243958,0.8245993256568909,0.7220525145530701,0.0986354872584343,0.24921320378780365
313,2015-10-29 00:01:08.184,0.7251937389373779,0.6883620023727417,0.7948918342590332,0.8245993256568909,0.7220525145530701,0.09798414260149002,0.24921320378780365
314,2015-11-01 00:01:08.184,0.7251937389373779,0.6883620023727417,0.7948918342590332,0.8245993256568909,0.703088641166687,0.09743577986955643,0.23984846472740173
315,2015-11-08 00:01:08.184,0.7141570448875427,0.6883620023727417,0.7936742305755615,0.8015996217727661,0.703088641166687,0.09722588956356049,0.23984846472740173
316,2015-11-15 00:01:08.184,0.7141570448875427,0.6791065335273743,0.7912273406982422,0.8015996217727661,0.703088641166687,0.09722588956356049,0.23984846472740173
317,2015-11-22 00:01:08.184,0.7141570448875427,0.6791065335273743,0.7498159408569336,0.8015996217727661,0.703088641166687,0.09713287651538849,0.23791924118995667
318,2015-11-29 00:01:08.184,0.7141570448875427,0.6791065335273743,0.7498159408569336,0.8015996217727661,0.703088641166687,0.09713287651538849,0.23791924118995667
319,2015-12-01 00:01:08.184,0.7141570448875427,0.6791065335273743,0.7498159408569336,0.8015996217727661,0.7003647685050964,0.09713287651538849,0.23791924118995667
320,2015-12-08 00:01:08.184,0.7141570448875427,0.6791065335273743,0.7498159408569336,0.8015996217727661,0.7003647685050964,0.09452315419912338,0.23791924118995667
321,2015-12-15 00:01:08.184,0.7141570448875427,0.6791065335273743,0.7448327541351318,0.8015996217727661,0.7003647685050964,0.09452315419912338,0.23791924118995667
322,2015-12-22 00:01:08.184,0.7141570448875427,0.6791065335273743,0.7448327541351318,0.8015996217727661,0.7003647685050964,0.09452315419912338,0.23791924118995667
323,2015-12-29 00:01:08.184,0.7141570448875427,0.6788346171379089,0.7437137961387634,0.7893036007881165,0.6630421876907349,0.09344321489334106,0.23791924118995667
324,2016-01-01 00:01:08.184,0.7141570448875427,0.6788346171379089,0.7437137961387634,0.7893036007881165,0.6630421876907349,0.09344321489334106,0.23454539477825165
325,2016-01-08 00:01:08.184,0.7141570448875427,0.677436113357544,0.7437137961387634,0.7893036007881165,0.6593071818351746,0.09344321489334106,0.23454539477825165
326,2016-01-15 00:01:08.184,0.7222589254379272,0.677436113357544,0.7437137961387634,0.7744303345680237,0.6593071818351746,0.08876649290323257,0.23454539477825165
327,2016-01-22 00:01:08.184,0.7222589254379272,0.677436113357544,0.7437137961387634,0.7744303345680237,0.6593071818351746,0.08784991502761841,0.23309136927127838
328,2016-01-29 00:01:08.184,0.7222589254379272,0.6690329909324646,0.7321219444274902,0.7744303345680237,0.6533911824226379,0.08784991502761841,0.23018307983875275
329,2016-02-01 00:01:08.184,0.7222589254379272,0.6690329909324646,0.7321219444274902,0.7744303345680237,0.6533911824226379,0.08743831515312195,0.2287604659795761
330,2016-02-08 00:01:08.184,0.7222589254379272,0.6657977104187012,0.7132052779197693,0.7744303345680237,0.6593071818351746,0.08743831515312195,0.2287604659795761
331,2016-02-15 00:01:08.184,0.7222589254379272,0.6546186208724976,0.7132052779197693,0.7744303345680237,0.6593071818351746,0.08675199002027512,0.2287604659795761
332,2016-02-22 00:01:08.184,0.7222589254379272,0.6477246284484863,0.7132052779197693,0.7744303345680237,0.6533911824226379,0.08295214921236038,0.2287604659795761
333,2016-02-29 00:01:08.184,0.7222589254379272,0.6477246284484863,0.7124335765838623,0.7744303345680237,0.6593071818351746,0.08295214921236038,0.2287604659795761
334,2016-03-01 00:01:08.184,0.7222589254379272,0.6477246284484863,0.7124335765838623,0.7744303345680237,0.6593071818351746,0.08295214921236038,0.2287604659795761
335,2016-03-08 00:01:08.184,0.7222589254379272,0.6477246284484863,0.7124335765838623,0.7744303345680237,0.6593071818351746,0.08295214921236038,0.2287604659795761
336,2016-03-15 00:01:08.184,0.7183592319488525,0.6477246284484863,0.7124335765838623,0.7744303345680237,0.6533911824226379,0.08295214921236038,0.2287604659795761
337,2016-03-22 00:01:08.184,0.7183592319488525,0.6477246284484863,0.7056512236595154,0.7664223909378052,0.6533911824226379,0.08283553272485733,0.2287604659795761
338,2016-03-29 00:01:08.184,0.7183592319488525,0.6477246284484863,0.7056512236595154,0.7664223909378052,0.6533911824226379,0.08283553272485733,0.2287604659795761
339,2016-04-01 00:01:08.184,0.7183592319488525,0.6477246284484863,0.7056512236595154,0.7664223909378052,0.6533911824226379,0.08182455599308014,0.2287604659795761
340,2016-04-08 00:01:08.184,0.7105363011360168,0.6477246284484863,0.7056512236595154,0.7664223909378052,0.6533911824226379,0.08182455599308014,0.2287604659795761
341,2016-04-15 00:01:08.184,0.7105363011360168,0.6477246284484863,0.7056512236595154,0.7664223909378052,0.6490113735198975,0.07957415282726288,0.2287604659795761
342,2016-04-22 00:01:08.184,0.7070150375366211,0.6477246284484863,0.7056512236595154,0.7663045525550842,0.6490113735198975,0.07957415282726288,0.2287604659795761
343,2016-04-29 00:01:08.184,0.7070150375366211,0.6477246284484863,0.7124335765838623,0.7663045525550842,0.6481577754020691,0.07957415282726288,0.2287604659795761
344,2016-05-01 00:01:08.184,0.7070150375366211,0.6477246284484863,0.7125556468963623,0.7621283531188965,0.6481577754020691,0.07777804136276245,0.2287604659795761
345,2016-05-08 00:01:08.184,0.6899482011795044,0.6477246284484863,0.7056512236595154,0.7621283531188965,0.6481577754020691,0.07777804136276245,0.23017282783985138
346,2016-05-15 00:01:08.184,0.6899179220199585,0.6477246284484863,0.7056512236595154,0.7621283531188965,0.64101243019104,0.07587084919214249,0.23017282783985138
347,2016-05-22 00:01:08.184,0.6899179220199585,0.6506209373474121,0.7056512236595154,0.7552370429039001,0.64101243019104,0.07587084919214249,0.23017282783985138
348,2016-05-29 00:01:08.184,0.6899179220199585,0.6506209373474121,0.7056512236595154,0.7552370429039001,0.6114839315414429,0.07587084919214249,0.23017282783985138
349,2016-06-08 00:01:08.184,0.6899179220199585,0.6506209373474121,0.7056512236595154,0.7552370429039001,0.6114839315414429,0.07587084919214249,0.23017282783985138
350,2016-06-15 00:01:08.184,0.6899179220199585,0.6506209373474121,0.7056512236595154,0.7552370429039001,0.6114839315414429,0.07587084919214249,0.23017282783985138
351,2016-06-22 00:01:08.184,0.6899179220199585,0.6506209373474121,0.7056512236595154,0.7428393959999084,0.5940795540809631,0.07587084919214249,0.23017282783985138
352,2016-06-29 00:01:08.184,0.6899179220199585,0.6506209373474121,0.7056512236595154,0.7397134304046631,0.5935547947883606,0.07587084919214249,0.23017282783985138
353,2016-07-01 00:01:08.184,0.688765823841095,0.6506209373474121,0.7056512236595154,0.723458468914032,0.58815997838974,0.07587084919214249,0.23017282783985138
354,2016-07-08 00:01:08.184,0.6842995882034302,0.6506209373474121,0.7056512236595154,0.723458468914032,0.58815997838974,0.07587084919214249,0.23017282783985138
355,2016-07-15 00:01:08.184,0.6842995882034302,0.6506209373474121,0.7035054564476013,0.7157803177833557,0.5818221569061279,0.07587084919214249,0.23017282783985138
356,2016-07-22 00:01:08.184,0.6842995882034302,0.6506209373474121,0.7035054564476013,0.715514063835144,0.5796579718589783,0.07587084919214249,0.2280329018831253
357,2016-07-29 00:01:08.184,0.67864590883255,0.6506209373474121,0.7027429938316345,0.715514063835144,0.5796579718589783,0.07587084919214249,0.2280329018831253
358,2016-08-01 00:01:08.184,0.67864590883255,0.6471071839332581,0.69866544008255,0.6967276334762573,0.572679877281189,0.07587084919214249,0.2280329018831253
359,2016-08-15 00:01:08.184,0.67864590883255,0.6348885893821716,0.6946689486503601,0.6967247128486633,0.572679877281189,0.07587084919214249,0.21883104741573334
360,2016-08-22 00:01:08.184,0.6715931296348572,0.6336389183998108,0.6942656636238098,0.6888904571533203,0.5639601349830627,0.07587084919214249,0.21492017805576324
361,2016-08-29 00:01:08.184,0.671053409576416,0.6226471662521362,0.6917065382003784,0.6651537418365479,0.5494335293769836,0.07587084919214249,0.21492017805576324
362,2016-09-01 00:01:08.184,0.6655958890914917,0.6226471662521362,0.6905915141105652,0.6626411080360413,0.5422176718711853,0.07587084919214249,0.21492017805576324
363,2016-09-08 00:01:08.184,0.6655958890914917,0.6195469498634338,0.6698203682899475,0.6507341265678406,0.537201464176178,0.07587084919214249,0.20570124685764313
364,2016-09-15 00:01:08.184,0.6655958890914917,0.6158146858215332,0.6698203682899475,0.6480425596237183,0.5295693278312683,0.07163867354393005,0.20570124685764313
365,2016-09-22 00:01:08.184,0.6601393818855286,0.6036650538444519,0.6698101758956909,0.6442475914955139,0.5253615975379944,0.07163867354393005,0.2042926400899887
366,2016-10-01 00:01:08.184,0.6601393818855286,0.5958268046379089,0.6651368737220764,0.6442475914955139,0.5237130522727966,0.07163867354393005,0.20248670876026154
367,2016-10-08 00:01:08.184,0.6601393818855286,0.5958268046379089,0.6651368737220764,0.6263532042503357,0.521007776260376,0.07163867354393005,0.20248670876026154
368,2016-10-15 00:01:08.184,0.6601393818855286,0.5943495631217957,0.6645376682281494,0.6202973127365112,0.5195014476776123,0.07163867354393005,0.20248670876026154
369,2016-10-22 00:01:08.184,0.6601393818855286,0.5943495631217957,0.6645376682281494,0.6174170970916748,0.5195014476776123,0.07163867354393005,0.20248670876026154
370,2016-10-29 00:01:08.184,0.6601393818855286,0.5943495631217957,0.6645376682281494,0.6174170970916748,0.5166527032852173,0.07163867354393005,0.20248670876026154
371,2016-11-01 00:01:08.184,0.6601393818855286,0.5943495631217957,0.6645376682281494,0.6174170970916748,0.5166527032852173,0.07163867354393005,0.20248670876026154
372,2016-11-08 00:01:08.184,0.6601393818855286,0.5943495631217957,0.6645376682281494,0.6174170970916748,0.5166527032852173,0.07090292870998383,0.20248670876026154
373,2016-11-15 00:01:08.184,0.6601393818855286,0.5943495631217957,0.6645376682281494,0.6174170970916748,0.5166527032852173,0.07090292870998383,0.20248670876026154
374,2016-11-22 00:01:08.184,0.6601393818855286,0.5943495631217957,0.6645376682281494,0.6174170970916748,0.5045614242553711,0.07090292870998383,0.2042926400899887
375,2016-11-29 00:01:08.184,0.671053409576416,0.5943495631217957,0.6612359881401062,0.6174170970916748,0.5040203928947449,0.07090292870998383,0.2042926400899887
376,2016-12-01 00:01:08.184,0.6721428036689758,0.5966511368751526,0.6612359881401062,0.6174170970916748,0.5040203928947449,0.07090292870998383,0.2042926400899887
377,2016-12-08 00:01:08.184,0.6784886121749878,0.5966511368751526,0.6612359881401062,0.6174170970916748,0.5040203928947449,0.07090292870998383,0.21053773164749146
378,2016-12-15 00:01:08.184,0.6784886121749878,0.5966511368751526,0.6612359881401062,0.6174170970916748,0.5040203928947449,0.07090292870998383,0.21053773164749146
379,2016-12-22 00:01:08.184,0.6786423921585083,0.5986497402191162,0.6612359881401062,0.6174170970916748,0.5040203928947449,0.07090292870998383,0.21053773164749146
380,2016-12-29 00:01:08.184,0.6786423921585083,0.5992640256881714,0.6612359881401062,0.6177740693092346,0.5040203928947449,0.06850103288888931,0.21053773164749146
381,2017-01-01 00:01:09.184,0.6786423921585083,0.5992640256881714,0.6570088863372803,0.6177740693092346,0.5040203928947449,0.06850103288888931,0.21053773164749146
382,2017-01-08 00:01:09.184,0.6910282969474792,0.5992640256881714,0.6570088863372803,0.6177740693092346,0.5040203928947449,0.06850103288888931,0.21258319914340973
383,2017-01-15 00:01:09.184,0.6990184783935547,0.5992640256881714,0.6570088863372803,0.6321935653686523,0.5049886703491211,0.06850103288888931,0.21258319914340973
384,2017-01-22 00:01:09.184,0.70182204246521,0.5992640256881714,0.6570088863372803,0.6321935653686523,0.5049886703491211,0.06850103288888931,0.21258319914340973
385,2017-01-29 00:01:09.184,0.70182204246521,0.5992640256881714,0.6570088863372803,0.6321935653686523,0.5049886703491211,0.06809242814779282,0.21258319914340973
386,2017-02-01 00:01:09.184,0.70182204246521,0.6000241041183472,0.6570088863372803,0.6321935653686523,0.5049886703491211,0.06732547283172607,0.21258319914340973
387,2017-02-08 00:01:09.184,0.70182204246521,0.6000241041183472,0.6557629108428955,0.6321935653686523,0.5049886703491211,0.06708236783742905,0.21258319914340973
388,2017-02-15 00:01:09.184,0.70182204246521,0.6000241041183472,0.6557629108428955,0.6321935653686523,0.5122849345207214,0.06708236783742905,0.21258319914340973
389,2017-02-22 00:01:09.184,0.70182204246521,0.6000241041183472,0.6557629108428955,0.6321935653686523,0.5122849345207214,0.06708236783742905,0.21258319914340973
390,2017-03-01 00:01:09.184,0.70182204246521,0.6000241041183472,0.6557629108428955,0.6321935653686523,0.5122849345207214,0.06708236783742905,0.21258319914340973
391,2017-03-08 00:01:09.184,0.7034741044044495,0.6000241041183472,0.6557629108428955,0.6321935653686523,0.5122849345207214,0.06708236783742905,0.21258319914340973
392,2017-03-15 00:01:09.184,0.70182204246521,0.6000241041183472,0.6557629108428955,0.6321935653686523,0.5122849345207214,0.06708236783742905,0.21053773164749146
393,2017-03-22 00:01:09.184,0.70182204246521,0.5992640256881714,0.6557629108428955,0.6321935653686523,0.5122849345207214,0.06708236783742905,0.21053773164749146
394,2017-03-29 00:01:09.184,0.70182204246521,0.5992640256881714,0.6557629108428955,0.6321935653686523,0.5122849345207214,0.06708236783742905,0.21045655012130737
395,2017-04-01 00:01:09.184,0.70182204246521,0.5989245772361755,0.6557629108428955,0.6321935653686523,0.5164806246757507,0.06708236783742905,0.21045655012130737
396,2017-04-08 00:01:09.184,0.70182204246521,0.5938912630081177,0.6554563641548157,0.6321935653686523,0.5164806246757507,0.06708236783742905,0.21045655012130737
397,2017-04-15 00:01:09.184,0.70182204246521,0.5914560556411743,0.6554563641548157,0.6321935653686523,0.5164806246757507,0.06708236783742905,0.20984479784965515
398,2017-04-22 00:01:09.184,0.7034741044044495,0.5914560556411743,0.6554563641548157,0.6321935653686523,0.5212230086326599,0.06708236783742905,0.20984479784965515
399,2017-04-29 00:01:09.184,0.7034741044044495,0.5914560556411743,0.6554563641548157,0.6321935653686523,0.5212230086326599,0.06708236783742905,0.20893587172031403
400,2017-05-01 00:01:09.184,0.7034741044044495,0.5914560556411743,0.6554563641548157,0.6321935653686523,0.5212230086326599,0.06708236783742905,0.20893587172031403
401,2017-05-08 00:01:09.184,0.7034741044044495,0.5914560556411743,0.6557629108428955,0.6409236192703247,0.5253171324729919,0.06746930629014969,0.20893587172031403
402,2017-05-15 00:01:09.184,0.7034741044044495,0.5914560556411743,0.6557629108428955,0.6448714733123779,0.5253171324729919,0.06786453723907471,0.20893587172031403
403,2017-05-22 00:01:09.184,0.7034741044044495,0.5914560556411743,0.6577298641204834,0.6448714733123779,0.5253171324729919,0.06786453723907471,0.20893587172031403
404,2017-05-29 00:01:09.184,0.7034741044044495,0.5914560556411743,0.6577298641204834,0.6448714733123779,0.5253171324729919,0.06786453723907471,0.20789524912834167
405,2017-06-01 00:01:09.184,0.7034741044044495,0.5914560556411743,0.6577298641204834,0.6448714733123779,0.5253171324729919,0.06786453723907471,0.20789524912834167
406,2017-06-08 00:01:09.184,0.7034741044044495,0.5905458331108093,0.6577298641204834,0.6448714733123779,0.529099702835083,0.06786453723907471,0.20789524912834167
407,2017-06-15 00:01:09.184,0.7058824896812439,0.5905458331108093,0.6590164303779602,0.6448714733123779,0.529099702835083,0.06786453723907471,0.20789524912834167
408,2017-06-22 00:01:09.184,0.7099347710609436,0.5905458331108093,0.6610928773880005,0.6448714733123779,0.529099702835083,0.06786453723907471,0.20789524912834167
409,2017-06-29 00:01:09.184,0.7133533954620361,0.5905458331108093,0.6610928773880005,0.6448714733123779,0.529099702835083,0.06786453723907471,0.20789524912834167
410,2017-07-01 00:01:09.184,0.7133533954620361,0.5905458331108093,0.6610928773880005,0.640548050403595,0.529099702835083,0.06786453723907471,0.20789524912834167
411,2017-07-08 00:01:09.184,0.7133533954620361,0.5905458331108093,0.6610928773880005,0.6338796019554138,0.529099702835083,0.06786453723907471,0.20789524912834167
412,2017-07-15 00:01:09.184,0.7133533954620361,0.5905458331108093,0.6648971438407898,0.6338796019554138,0.529099702835083,0.06786453723907471,0.20789524912834167
413,2017-07-22 00:01:09.184,0.7133533954620361,0.5905458331108093,0.6648971438407898,0.6338796019554138,0.529099702835083,0.06786453723907471,0.20789524912834167
414,2017-07-29 00:01:09.184,0.7133533954620361,0.5905458331108093,0.6648971438407898,0.6199184060096741,0.529099702835083,0.06786453723907471,0.20789524912834167
415,2017-08-01 00:01:09.184,0.7154595851898193,0.5905458331108093,0.6648971438407898,0.6199184060096741,0.529099702835083,0.06786453723907471,0.20789524912834167
416,2017-08-08 00:01:09.184,0.7154595851898193,0.5905458331108093,0.6610928773880005,0.6199184060096741,0.5220359563827515,0.06786453723907471,0.20789524912834167
417,2017-08-15 00:01:09.184,0.7154595851898193,0.5905458331108093,0.6590164303779602,0.6199184060096741,0.5149898529052734,0.06786453723907471,0.20789524912834167
418,2017-08-22 00:01:09.184,0.7166966199874878,0.5905458331108093,0.6590164303779602,0.6199184060096741,0.5149898529052734,0.06786453723907471,0.20789524912834167
419,2017-08-29 00:01:09.184,0.7166966199874878,0.5905458331108093,0.6590164303779602,0.6199184060096741,0.5137478709220886,0.06786453723907471,0.20929378271102905
420,2017-09-01 00:01:09.184,0.7166966199874878,0.5905458331108093,0.6590164303779602,0.6234996318817139,0.5137478709220886,0.06786453723907471,0.21168680489063263
421,2017-09-08 00:01:09.184,0.7166966199874878,0.5911450386047363,0.6578313112258911,0.6234996318817139,0.5137478709220886,0.06786453723907471,0.21168680489063263
422,2017-09-15 00:01:09.184,0.717982828617096,0.5911450386047363,0.6574612259864807,0.6234996318817139,0.5137478709220886,0.06786453723907471,0.21168680489063263
423,2017-09-22 00:01:09.184,0.717982828617096,0.5905458331108093,0.6571325063705444,0.6234996318817139,0.5137478709220886,0.06786453723907471,0.21168680489063263
424,2017-09-29 00:01:09.184,0.7272945046424866,0.5911450386047363,0.6571325063705444,0.624413013458252,0.5137478709220886,0.06786453723907471,0.21222570538520813
425,2017-10-01 00:01:09.184,0.7272945046424866,0.5911450386047363,0.6571325063705444,0.624413013458252,0.5137478709220886,0.06786453723907471,0.2131129503250122
426,2017-10-08 00:01:09.184,0.7355880737304688,0.5911450386047363,0.656700611114502,0.624413013458252,0.5137478709220886,0.06786453723907471,0.2131129503250122
427,2017-10-15 00:01:09.184,0.7355880737304688,0.5911450386047363,0.656700611114502,0.624413013458252,0.5137478709220886,0.06781899929046631,0.21806707978248596
428,2017-10-22 00:01:09.184,0.7355880737304688,0.5911450386047363,0.656700611114502,0.624413013458252,0.5137478709220886,0.06458770483732224,0.2192002832889557
429,2017-10-29 00:01:09.184,0.7355880737304688,0.5911450386047363,0.656700611114502,0.624413013458252,0.5137478709220886,0.06458770483732224,0.2192002832889557
430,2017-11-01 00:01:09.184,0.7355880737304688,0.5911450386047363,0.6481813192367554,0.624413013458252,0.5137478709220886,0.06378812342882156,0.2192002832889557
431,2017-11-15 00:01:09.184,0.7355880737304688,0.5911450386047363,0.6481813192367554,0.624413013458252,0.5137478709220886,0.06378812342882156,0.2192002832889557
432,2017-11-22 00:01:09.184,0.7355880737304688,0.5879749059677124,0.6481481194496155,0.624413013458252,0.5137478709220886,0.0636373907327652,0.2192002832889557
433,2017-11-29 00:01:09.184,0.7355880737304688,0.5879749059677124,0.6481481194496155,0.624413013458252,0.5137478709220886,0.0636373907327652,0.2192002832889557
434,2017-12-01 00:01:09.184,0.7355880737304688,0.5879749059677124,0.6463670134544373,0.624413013458252,0.5137478709220886,0.06301356106996536,0.2192002832889557
435,2017-12-08 00:01:09.184,0.7332455515861511,0.5875244140625,0.6463670134544373,0.624413013458252,0.5137478709220886,0.06301356106996536,0.21806707978248596
436,2017-12-15 00:01:09.184,0.7332455515861511,0.5875244140625,0.6463670134544373,0.624413013458252,0.5137478709220886,0.06301356106996536,0.21806707978248596
437,2017-12-22 00:01:09.184,0.7332455515861511,0.5863739252090454,0.6463670134544373,0.624413013458252,0.5137478709220886,0.06301356106996536,0.21806707978248596
438,2017-12-29 00:01:09.184,0.7331501245498657,0.5863739252090454,0.6463670134544373,0.624413013458252,0.49605631828308105,0.06267455220222473,0.21211464703083038
439,2018-01-01 00:01:09.184,0.7331501245498657,0.5828215479850769,0.6463670134544373,0.6212276816368103,0.49605631828308105,0.06176387891173363,0.21175464987754822
440,2018-01-08 00:01:09.184,0.7331501245498657,0.5828215479850769,0.6463670134544373,0.6212276816368103,0.49605631828308105,0.06176387891173363,0.21175464987754822
441,2018-01-15 00:01:09.184,0.7331501245498657,0.5766622424125671,0.6463670134544373,0.612128496170044,0.4905318021774292,0.06176387891173363,0.21038992702960968
442,2018-01-22 00:01:09.184,0.7329074740409851,0.5764226317405701,0.6463670134544373,0.6111348271369934,0.4905318021774292,0.06176387891173363,0.20684407651424408
443,2018-01-29 00:01:09.184,0.7199955582618713,0.5719963312149048,0.6463670134544373,0.6097056865692139,0.48580625653266907,0.06176387891173363,0.2060338258743286
444,2018-02-01 00:01:09.184,0.7199955582618713,0.5719963312149048,0.6463670134544373,0.5966230034828186,0.47798097133636475,0.06176387891173363,0.2060338258743286
445,2018-02-08 00:01:09.184,0.7138451337814331,0.5719963312149048,0.6463670134544373,0.5842875242233276,0.4748304784297943,0.06176387891173363,0.2012566328048706
446,2018-02-15 00:01:09.184,0.7066847681999207,0.5719963312149048,0.6463670134544373,0.5842875242233276,0.4740930497646332,0.06176387891173363,0.2012566328048706
447,2018-02-22 00:01:09.184,0.7027650475502014,0.5707297921180725,0.6463670134544373,0.5842875242233276,0.4740930497646332,0.06176387891173363,0.2012566328048706
448,2018-03-01 00:01:09.184,0.7027650475502014,0.5683332085609436,0.6463670134544373,0.5842875242233276,0.47282811999320984,0.06176387891173363,0.20114313066005707
449,2018-03-08 00:01:09.184,0.6969212293624878,0.5683332085609436,0.6463670134544373,0.5842875242233276,0.47282811999320984,0.06351872533559799,0.20114313066005707
450,2018-03-15 00:01:09.184,0.696031928062439,0.5683332085609436,0.6463670134544373,0.5842875242233276,0.47282811999320984,0.06351872533559799,0.20114313066005707
451,2018-03-22 00:01:09.184,0.696031928062439,0.5683332085609436,0.6481481194496155,0.5842875242233276,0.47282811999320984,0.06351872533559799,0.20114313066005707
452,2018-03-29 00:01:09.184,0.696031928062439,0.5654803514480591,0.6487148404121399,0.575967013835907,0.47282811999320984,0.06351872533559799,0.20114313066005707
453,2018-04-01 00:01:09.184,0.6735528707504272,0.5654803514480591,0.6487148404121399,0.575967013835907,0.47282811999320984,0.06482979655265808,0.20114313066005707
454,2018-04-08 00:01:09.184,0.6735528707504272,0.5654803514480591,0.6463670134544373,0.575967013835907,0.47282811999320984,0.06482979655265808,0.20114313066005707
455,2018-04-15 00:01:09.184,0.6735528707504272,0.5654803514480591,0.6463670134544373,0.575967013835907,0.47282811999320984,0.06482979655265808,0.20114313066005707
456,2018-04-22 00:01:09.184,0.6735528707504272,0.5654803514480591,0.6487148404121399,0.575967013835907,0.47282811999320984,0.06351872533559799,0.20114313066005707
457,2018-04-29 00:01:09.184,0.6735528707504272,0.5654803514480591,0.6487148404121399,0.575967013835907,0.47282811999320984,0.06351872533559799,0.20114313066005707
458,2018-05-01 00:01:09.184,0.6735528707504272,0.5654803514480591,0.6487148404121399,0.575967013835907,0.47282811999320984,0.0648566484451294,0.20114313066005707
459,2018-05-08 00:01:09.184,0.6735528707504272,0.5679565072059631,0.6487148404121399,0.575967013835907,0.47282811999320984,0.0648566484451294,0.20114313066005707
460,2018-05-15 00:01:09.184,0.6735528707504272,0.5679565072059631,0.6487148404121399,0.575967013835907,0.4740930497646332,0.0648566484451294,0.20114313066005707
461,2018-05-22 00:01:09.184,0.6735528707504272,0.5679565072059631,0.6487298607826233,0.5906018018722534,0.47423702478408813,0.0648566484451294,0.20114313066005707
462,2018-05-29 00:01:09.184,0.6735528707504272,0.5679565072059631,0.6487298607826233,0.5906018018722534,0.4755187928676605,0.0648566484451294,0.20114313066005707
463,2018-06-01 00:01:09.184,0.6735528707504272,0.5693911910057068,0.6487298607826233,0.5906018018722534,0.4755187928676605,0.0648566484451294,0.20114313066005707
464,2018-06-08 00:01:09.184,0.6993644833564758,0.5693911910057068,0.6487298607826233,0.5906018018722534,0.4755187928676605,0.0648566484451294,0.20141252875328064
465,2018-06-15 00:01:09.184,0.699467658996582,0.5693911910057068,0.6487298607826233,0.5906018018722534,0.4755187928676605,0.0648566484451294,0.20142224431037903
466,2018-06-22 00:01:09.184,0.7129148244857788,0.5693911910057068,0.6493903994560242,0.5906018018722534,0.4755187928676605,0.0648566484451294,0.20142224431037903
467,2018-06-29 00:01:09.184,0.7216284871101379,0.5693911910057068,0.6511433124542236,0.5906018018722534,0.4755187928676605,0.0648566484451294,0.20142224431037903
468,2018-07-01 00:01:09.184,0.7216284871101379,0.5693911910057068,0.6511433124542236,0.5906018018722534,0.4755187928676605,0.0648566484451294,0.2032419890165329
469,2018-07-08 00:01:09.184,0.7225126624107361,0.5693911910057068,0.6511433124542236,0.5906018018722534,0.4755187928676605,0.0648566484451294,0.2032419890165329
470,2018-07-15 00:01:09.184,0.7225126624107361,0.5693911910057068,0.6511433124542236,0.5906018018722534,0.4755187928676605,0.0648566484451294,0.2032419890165329
471,2018-07-22 00:01:09.184,0.7225126624107361,0.5693911910057068,0.6511433124542236,0.5906018018722534,0.4755187928676605,0.0648566484451294,0.2032419890165329
472,2018-07-29 00:01:09.184,0.7225126624107361,0.5693911910057068,0.6511433124542236,0.5831952095031738,0.4755187928676605,0.0657382681965828,0.2037540078163147
473,2018-08-01 00:01:09.184,0.7227739095687866,0.5693911910057068,0.6511433124542236,0.5677195191383362,0.4755187928676605,0.0657382681965828,0.2037540078163147
474,2018-08-08 00:01:09.184,0.7227739095687866,0.5679565072059631,0.6511433124542236,0.5672262907028198,0.4668341875076294,0.0648566484451294,0.2037540078163147
475,2018-08-15 00:01:09.184,0.7227739095687866,0.561875581741333,0.6501577496528625,0.5672262907028198,0.46676889061927795,0.0648566484451294,0.2037540078163147
476,2018-08-22 00:01:09.184,0.7262763381004333,0.5597255825996399,0.6501577496528625,0.5672262907028198,0.4628679156303406,0.06480970978736877,0.2037540078163147
477,2018-08-29 00:01:09.184,0.7262763381004333,0.5597255825996399,0.6501577496528625,0.5550627708435059,0.4628679156303406,0.06480970978736877,0.2037540078163147
478,2018-09-01 00:01:09.184,0.726398229598999,0.5539649128913879,0.6493903994560242,0.5550627708435059,0.4628679156303406,0.06480970978736877,0.2037540078163147
479,2018-09-08 00:01:09.184,0.7324071526527405,0.5539649128913879,0.6493903994560242,0.5550627708435059,0.4529874324798584,0.06480970978736877,0.2037540078163147
480,2018-09-15 00:01:09.184,0.7339442372322083,0.5539649128913879,0.6493903994560242,0.5550627708435059,0.4529874324798584,0.06480970978736877,0.2037540078163147
481,2018-09-22 00:01:09.184,0.7421033978462219,0.5539649128913879,0.6493535041809082,0.5550627708435059,0.4529874324798584,0.06480970978736877,0.2037540078163147
482,2018-09-29 00:01:09.184,0.7421033978462219,0.5539649128913879,0.6493535041809082,0.5550627708435059,0.4529874324798584,0.06525186449289322,0.2037540078163147
483,2018-10-01 00:01:09.184,0.7445627450942993,0.5539649128913879,0.6493535041809082,0.5550627708435059,0.4529874324798584,0.06587491929531097,0.2037540078163147
484,2018-10-08 00:01:09.184,0.7454217672348022,0.5539649128913879,0.6493535041809082,0.5550627708435059,0.45080286264419556,0.06587491929531097,0.2037540078163147
485,2018-10-15 00:01:09.184,0.7454217672348022,0.5547028183937073,0.6488179564476013,0.5550627708435059,0.45080286264419556,0.06587491929531097,0.2037540078163147
486,2018-10-22 00:01:09.184,0.7454217672348022,0.5547028183937073,0.6488179564476013,0.5550627708435059,0.45080286264419556,0.06587491929531097,0.20664340257644653
487,2018-10-29 00:01:09.184,0.7466166615486145,0.5547028183937073,0.6488179564476013,0.5550627708435059,0.45080286264419556,0.06587491929531097,0.20664340257644653
488,2018-11-01 00:01:09.184,0.7466166615486145,0.5547028183937073,0.6488179564476013,0.5550627708435059,0.45080286264419556,0.06672005355358124,0.20664340257644653
489,2018-11-08 00:01:09.184,0.7470991015434265,0.5597255825996399,0.6488179564476013,0.5550627708435059,0.45080286264419556,0.06691198796033859,0.20664340257644653
490,2018-11-15 00:01:09.184,0.7522569298744202,0.5597354173660278,0.6488179564476013,0.5584226846694946,0.45080286264419556,0.06691198796033859,0.2101171612739563
491,2018-11-22 00:01:09.184,0.7533460259437561,0.5610861778259277,0.6488179564476013,0.5584226846694946,0.45080286264419556,0.06691198796033859,0.21768373250961304
492,2018-11-29 00:01:09.184,0.7643120884895325,0.5610861778259277,0.6488179564476013,0.5584226846694946,0.45080286264419556,0.06691198796033859,0.21836155652999878
493,2018-12-01 00:01:09.184,0.7643120884895325,0.5610861778259277,0.6488179564476013,0.5584226846694946,0.45080286264419556,0.06691198796033859,0.21916089951992035
494,2018-12-08 00:01:09.184,0.7701562643051147,0.564531147480011,0.6488179564476013,0.5587408542633057,0.45601993799209595,0.06691198796033859,0.21935726702213287
495,2018-12-15 00:01:09.184,0.7701562643051147,0.564531147480011,0.6488179564476013,0.5587408542633057,0.45601993799209595,0.06691198796033859,0.22127482295036316
496,2018-12-22 00:01:09.184,0.7703105807304382,0.564531147480011,0.6488179564476013,0.5587408542633057,0.45601993799209595,0.06691198796033859,0.22127482295036316
497,2018-12-29 00:01:09.184,0.7703105807304382,0.5655785202980042,0.6488179564476013,0.5587408542633057,0.45601993799209595,0.06672005355358124,0.22127482295036316
498,2019-01-01 00:01:09.184,0.7703105807304382,0.5707628726959229,0.6488179564476013,0.5587408542633057,0.45601993799209595,0.06672005355358124,0.22127482295036316
499,2019-01-08 00:01:09.184,0.7703105807304382,0.5707628726959229,0.6534510254859924,0.5587408542633057,0.45601993799209595,0.06672005355358124,0.22127482295036316
500,2019-01-15 00:01:09.184,0.7703105807304382,0.5707628726959229,0.6534510254859924,0.5584226846694946,0.4558263123035431,0.06587491929531097,0.22127482295036316
501,2019-01-22 00:01:09.184,0.7703105807304382,0.5707628726959229,0.6534510254859924,0.5584226846694946,0.4558263123035431,0.06587491929531097,0.22127482295036316
502,2019-01-29 00:01:09.184,0.7703105807304382,0.5707628726959229,0.6534510254859924,0.5584226846694946,0.4558263123035431,0.06472785025835037,0.22127482295036316
503,2019-02-01 00:01:09.184,0.7703105807304382,0.5707628726959229,0.6534510254859924,0.5584226846694946,0.45223796367645264,0.06472785025835037,0.22127482295036316
504,2019-02-08 00:01:09.184,0.7703105807304382,0.5707628726959229,0.6534510254859924,0.5584226846694946,0.45223796367645264,0.06472785025835037,0.2194569855928421
505,2019-02-15 00:01:09.184,0.7703105807304382,0.5707628726959229,0.6534510254859924,0.5538425445556641,0.45080286264419556,0.06472785025835037,0.2194569855928421
506,2019-02-22 00:01:09.184,0.7703105807304382,0.5707628726959229,0.6534510254859924,0.549257218837738,0.44614535570144653,0.06472785025835037,0.2194569855928421
507,2019-03-01 00:01:09.184,0.7657206654548645,0.5707628726959229,0.6534510254859924,0.549257218837738,0.44614535570144653,0.06426404416561127,0.21457816660404205
508,2019-03-08 00:01:09.184,0.7574671506881714,0.5707628726959229,0.6534510254859924,0.5474599003791809,0.44614535570144653,0.06426404416561127,0.2139306366443634
509,2019-03-15 00:01:09.184,0.7574671506881714,0.5707628726959229,0.6534510254859924,0.5474599003791809,0.4450349509716034,0.06426404416561127,0.2139306366443634
510,2019-03-22 00:01:09.184,0.7574671506881714,0.5707628726959229,0.6534510254859924,0.5474599003791809,0.4450349509716034,0.06426404416561127,0.2139306366443634
511,2019-03-29 00:01:09.184,0.7401252388954163,0.5616567730903625,0.6534510254859924,0.5474599003791809,0.4450349509716034,0.06472785025835037,0.21013793349266052
512,2019-04-01 00:01:09.184,0.7385196089744568,0.5616567730903625,0.6534510254859924,0.5474599003791809,0.4431201219558716,0.06472785025835037,0.20804592967033386
513,2019-04-08 00:01:09.184,0.7385196089744568,0.5616567730903625,0.6534510254859924,0.5474599003791809,0.4431201219558716,0.06472785025835037,0.20793940126895905
514,2019-04-15 00:01:09.184,0.7385196089744568,0.5584537386894226,0.6534510254859924,0.5474599003791809,0.4431201219558716,0.06523967534303665,0.20793940126895905
515,2019-04-22 00:01:09.184,0.7337508201599121,0.5527446866035461,0.6534510254859924,0.5474599003791809,0.43758365511894226,0.06523967534303665,0.20793940126895905
516,2019-04-29 00:01:09.184,0.7337508201599121,0.5527446866035461,0.6534510254859924,0.549257218837738,0.43758365511894226,0.06523967534303665,0.20793940126895905
517,2019-05-01 00:01:09.184,0.7337508201599121,0.5527446866035461,0.6589299440383911,0.549257218837738,0.43758365511894226,0.06523967534303665,0.20793940126895905
518,2019-05-08 00:01:09.184,0.7337508201599121,0.5516113638877869,0.6589299440383911,0.549257218837738,0.43758365511894226,0.06523967534303665,0.20793940126895905
519,2019-05-15 00:01:09.184,0.7337508201599121,0.5516113638877869,0.6612793207168579,0.549257218837738,0.43758365511894226,0.06523967534303665,0.20793940126895905
520,2019-05-22 00:01:09.184,0.7337508201599121,0.5500743985176086,0.6612793207168579,0.5474599003791809,0.43758365511894226,0.06523967534303665,0.20793940126895905
521,2019-05-29 00:01:09.184,0.7337508201599121,0.5500743985176086,0.6612793207168579,0.5474599003791809,0.43758365511894226,0.06523967534303665,0.20793940126895905
522,2019-06-01 00:01:09.184,0.7337508201599121,0.5500743985176086,0.6612793207168579,0.5474599003791809,0.43758365511894226,0.06523967534303665,0.20652903616428375
523,2019-06-08 00:01:09.184,0.7337508201599121,0.5500743985176086,0.6612793207168579,0.5474599003791809,0.43758365511894226,0.06523967534303665,0.20652903616428375
524,2019-06-15 00:01:09.184,0.7401252388954163,0.5500743985176086,0.6612793207168579,0.5474599003791809,0.43758365511894226,0.06498405337333679,0.20652903616428375
525,2019-06-22 00:01:09.184,0.741022527217865,0.5500743985176086,0.6612793207168579,0.5473647117614746,0.43758365511894226,0.06498405337333679,0.20652903616428375
526,2019-06-29 00:01:09.184,0.741022527217865,0.5500743985176086,0.6612793207168579,0.546705961227417,0.43758365511894226,0.06498405337333679,0.20652903616428375
527,2019-07-01 00:01:09.184,0.7457404136657715,0.549551784992218,0.6612793207168579,0.546705961227417,0.43758365511894226,0.06498405337333679,0.20559854805469513
528,2019-07-08 00:01:09.184,0.7457404136657715,0.549551784992218,0.6612793207168579,0.546705961227417,0.43758365511894226,0.06498405337333679,0.20559854805469513
529,2019-07-15 00:01:09.184,0.7457404136657715,0.549551784992218,0.6612793207168579,0.5432217717170715,0.43758365511894226,0.06498405337333679,0.20559854805469513
530,2019-07-22 00:01:09.184,0.750591516494751,0.5500743985176086,0.6612793207168579,0.5432217717170715,0.4364529252052307,0.06498405337333679,0.20559854805469513
531,2019-07-29 00:01:09.184,0.7572420239448547,0.5500743985176086,0.6612793207168579,0.5413067936897278,0.4364529252052307,0.06498405337333679,0.20559854805469513
532,2019-08-01 00:01:09.184,0.7572420239448547,0.5524710416793823,0.6603384017944336,0.5413067936897278,0.4364529252052307,0.06498405337333679,0.20559854805469513
533,2019-08-08 00:01:09.184,0.7574544548988342,0.5524710416793823,0.6603384017944336,0.5413067936897278,0.4219476580619812,0.06498405337333679,0.20652903616428375
534,2019-08-15 00:01:09.184,0.7574544548988342,0.5543107390403748,0.6603384017944336,0.5270282626152039,0.4219476580619812,0.06552048027515411,0.20652903616428375
535,2019-08-22 00:01:09.184,0.7574544548988342,0.5543107390403748,0.6603384017944336,0.5270282626152039,0.4219476580619812,0.06552048027515411,0.20652903616428375
536,2019-08-29 00:01:09.184,0.7576135396957397,0.5543107390403748,0.6603384017944336,0.5270282626152039,0.4198673665523529,0.06552048027515411,0.20652903616428375
537,2019-09-01 00:01:09.184,0.7576135396957397,0.5543107390403748,0.6620671153068542,0.5270282626152039,0.4198673665523529,0.06552048027515411,0.20652903616428375
538,2019-09-08 00:01:09.184,0.7576135396957397,0.5543107390403748,0.6620671153068542,0.5270282626152039,0.4198673665523529,0.06585973501205444,0.20652903616428375
539,2019-09-15 00:01:09.184,0.7657260298728943,0.5543107390403748,0.6634588837623596,0.5270282626152039,0.4198673665523529,0.06600934267044067,0.20732848346233368
540,2019-09-22 00:01:09.184,0.7657260298728943,0.5543107390403748,0.6634588837623596,0.5270282626152039,0.4198673665523529,0.06600934267044067,0.2075195610523224
541,2019-09-29 00:01:09.184,0.7675736546516418,0.5543107390403748,0.6647996306419373,0.5270282626152039,0.4198673665523529,0.06606551259756088,0.20847970247268677
542,2019-10-01 00:01:09.184,0.7700932621955872,0.5543107390403748,0.6647996306419373,0.5270282626152039,0.4198673665523529,0.06715669482946396,0.20847970247268677
543,2019-10-08 00:01:09.184,0.7784219980239868,0.5543107390403748,0.6647996306419373,0.5270282626152039,0.4219476580619812,0.06715669482946396,0.20847970247268677
544,2019-10-15 00:01:09.184,0.7802033424377441,0.5543107390403748,0.6647996306419373,0.5334717035293579,0.4219476580619812,0.06715669482946396,0.20847970247268677
545,2019-10-22 00:01:09.184,0.7802033424377441,0.5543107390403748,0.6647996306419373,0.5334717035293579,0.4219476580619812,0.06715669482946396,0.20847970247268677
546,2019-10-29 00:01:09.184,0.783254086971283,0.5543271899223328,0.6649020910263062,0.5334717035293579,0.43135449290275574,0.06757768988609314,0.21273992955684662
547,2019-11-01 00:01:09.184,0.7846718430519104,0.5549166798591614,0.6649020910263062,0.5351500511169434,0.43210113048553467,0.06757768988609314,0.21273992955684662
548,2019-11-08 00:01:09.184,0.7867189645767212,0.5549166798591614,0.6649020910263062,0.5351500511169434,0.43210113048553467,0.06757768988609314,0.2141345590353012
549,2019-11-15 00:01:09.184,0.790565013885498,0.5630848407745361,0.6649020910263062,0.5386576056480408,0.43210113048553467,0.06757768988609314,0.2141345590353012
550,2019-11-22 00:01:09.184,0.790565013885498,0.5630848407745361,0.6649020910263062,0.5386576056480408,0.43210113048553467,0.06757768988609314,0.2141345590353012
551,2019-11-29 00:01:09.184,0.790565013885498,0.5630848407745361,0.6649020910263062,0.5390174388885498,0.43414586782455444,0.06757768988609314,0.2141345590353012
552,2019-12-01 00:01:09.184,0.790565013885498,0.5630848407745361,0.6649020910263062,0.5390174388885498,0.43414586782455444,0.06757768988609314,0.2141345590353012
553,2019-12-08 00:01:09.184,0.790565013885498,0.5630848407745361,0.6647996306419373,0.5390174388885498,0.43414586782455444,0.06757768988609314,0.21518474817276
554,2019-12-15 00:01:09.184,0.790565013885498,0.5630848407745361,0.6647996306419373,0.5428701639175415,0.43414586782455444,0.06757768988609314,0.21518474817276
555,2019-12-22 00:01:09.184,0.790565013885498,0.5630848407745361,0.656992495059967,0.5428701639175415,0.43414586782455444,0.06757768988609314,0.21518474817276
556,2019-12-29 00:01:09.184,0.790565013885498,0.5630848407745361,0.6547479033470154,0.5428701639175415,0.43414586782455444,0.06757768988609314,0.21518474817276
557,2020-01-01 00:01:09.184,0.790391743183136,0.5626496076583862,0.6547479033470154,0.5428701639175415,0.43414586782455444,0.06757768988609314,0.21518474817276
558,2020-01-08 00:01:09.184,0.790391743183136,0.5626496076583862,0.6547479033470154,0.5428701639175415,0.43210113048553467,0.06757768988609314,0.21518474817276
559,2020-01-15 00:01:09.184,0.7880222797393799,0.5626496076583862,0.65204918384552,0.5428701639175415,0.43210113048553467,0.06757768988609314,0.21518474817276
560,2020-01-22 00:01:09.184,0.7880222797393799,0.5626496076583862,0.65204918384552,0.5420022010803223,0.43210113048553467,0.06691805273294449,0.21518474817276
561,2020-01-29 00:01:09.184,0.7880222797393799,0.5626496076583862,0.65204918384552,0.5420022010803223,0.43191641569137573,0.06689906865358353,0.21518474817276
562,2020-02-01 00:01:09.184,0.7880222797393799,0.5596973896026611,0.6514408588409424,0.5420022010803223,0.42708665132522583,0.06689906865358353,0.2141345590353012
563,2020-02-08 00:01:09.184,0.7867189645767212,0.5596973896026611,0.6514408588409424,0.5412039160728455,0.42708665132522583,0.06623657047748566,0.2141345590353012
564,2020-02-15 00:01:09.184,0.7867189645767212,0.5596973896026611,0.6514408588409424,0.5412039160728455,0.42708665132522583,0.06623657047748566,0.21130655705928802
565,2020-02-22 00:01:09.184,0.7867189645767212,0.5596973896026611,0.6514408588409424,0.5412039160728455,0.42708665132522583,0.06623657047748566,0.21130655705928802
566,2020-02-29 00:01:09.184,0.7867189645767212,0.5596973896026611,0.6514408588409424,0.5412039160728455,0.42708665132522583,0.06623657047748566,0.21130655705928802
567,2020-03-01 00:01:09.184,0.7867189645767212,0.5626496076583862,0.6514408588409424,0.5412039160728455,0.42708665132522583,0.0654865950345993,0.21130655705928802
568,2020-03-08 00:01:09.184,0.7867189645767212,0.5626496076583862,0.6514408588409424,0.5412039160728455,0.42708665132522583,0.0654865950345993,0.21079158782958984
569,2020-03-15 00:01:09.184,0.7867189645767212,0.5596973896026611,0.6514408588409424,0.5412039160728455,0.42708665132522583,0.0654865950345993,0.21079158782958984
570,2020-03-22 00:01:09.184,0.787193238735199,0.5626496076583862,0.6514408588409424,0.5412039160728455,0.43936076760292053,0.0654865950345993,0.21079158782958984
571,2020-03-29 00:01:09.184,0.787193238735199,0.5626496076583862,0.6514408588409424,0.5412039160728455,0.43936076760292053,0.0654865950345993,0.21079158782958984
572,2020-04-01 00:01:09.184,0.787193238735199,0.5626496076583862,0.6514408588409424,0.5412039160728455,0.43936076760292053,0.06623657047748566,0.21079158782958984
573,2020-04-08 00:01:09.184,0.787193238735199,0.5626496076583862,0.6622243523597717,0.5412039160728455,0.44696667790412903,0.06623657047748566,0.21079158782958984
574,2020-04-15 00:01:09.184,0.7880222797393799,0.5626496076583862,0.6622243523597717,0.5412039160728455,0.4504301846027374,0.06630831956863403,0.20980212092399597
575,2020-04-22 00:01:09.184,0.7890103757381439,0.5626496076583862,0.6632688045501709,0.5412039160728455,0.4504301846027374,0.06589745730161667,0.20980212092399597
576,2020-04-29 00:01:09.184,0.789998471736908,0.5626496076583862,0.6643132567405701,0.5412039160728455,0.4504301846027374,0.0654865950345993,0.20980212092399597
577,2020-05-01 00:01:09.184,0.790475994348526,0.5629220604896545,0.6643132567405701,0.5416030585765839,0.45580099523067474,0.06589745730161667,0.20980212092399597
578,2020-05-08 00:01:09.184,0.790953516960144,0.5631945133209229,0.6643132567405701,0.5420022010803223,0.46117180585861206,0.06630831956863403,0.20980212092399597
579,2020-05-15 00:01:09.184,0.790953516960144,0.5631945133209229,0.6643132567405701,0.5518673360347748,0.46117180585861206,0.06630831956863403,0.20980212092399597
580,2020-05-22 00:01:09.184,0.790953516960144,0.5631945133209229,0.6643132567405701,0.5617324709892273,0.46117180585861206,0.06630831956863403,0.20980212092399597
581,2020-05-29 00:01:09.184,0.7932367622852325,0.5631945133209229,0.6657070517539978,0.5639345049858093,0.46117180585861206,0.06630831956863403,0.20980212092399597
582,2020-06-01 00:01:09.184,0.795520007610321,0.5631945133209229,0.6671008467674255,0.5661365389823914,0.46117180585861206,0.06630831956863403,0.20980212092399597
583,2020-06-08 00:01:09.184,0.795520007610321,0.5631945133209229,0.6671008467674255,0.5698436200618744,0.46117180585861206,0.06660369411110878,0.2102968543767929
584,2020-06-15 00:01:09.184,0.795520007610321,0.5631945133209229,0.6671008467674255,0.5735507011413574,0.46117180585861206,0.06689906865358353,0.20980212092399597
585,2020-06-22 00:01:09.184,0.795520007610321,0.5634067952632904,0.6671008467674255,0.5752231180667877,0.46117180585861206,0.06660369411110878,0.20980212092399597
586,2020-06-29 00:01:09.184,0.795520007610321,0.563619077205658,0.6671008467674255,0.576895534992218,0.46117180585861206,0.06630831956863403,0.20980212092399597
587,2020-07-01 00:01:09.184,0.795977771282196,0.563619077205658,0.6671008467674255,0.5784108936786652,0.46395325660705566,0.06630831956863403,0.20980212092399597
588,2020-07-08 00:01:09.184,0.796435534954071,0.563619077205658,0.6671008467674255,0.5799262523651123,0.46673470735549927,0.06630831956863403,0.20980212092399597
